Rk,Player,Age,Team,Pos,G,GS,MP,FG,FGA,FG%,3P,3PA,3P%,2P,2PA,2P%,eFG%,FT,FTA,FT%,ORB,DRB,TRB,AST,STL,BLK,TOV,PF,PTS
1,Mikal Bridges,28,NYK,SF,62,62,2344,6.8,13.9,0.489,2.1,5.9,0.356,4.7,8,0.588,0.565,0.7,1,0.7,0.8,2.2,3,3.2,0.9,0.5,1.4,1.4,16.4
2,Josh Hart,29,NYK,SG,59,59,2230,5.3,9.7,0.546,1,3.1,0.323,4.3,6.6,0.652,0.598,2.2,2.8,0.786,2.1,7.1,9.2,5.3,1.4,0.4,2,2.5,13.8
3,Anthony Edwards,23,MIN,SG,61,61,2227,8.9,20.3,0.438,4.1,10,0.41,4.8,10.3,0.466,0.539,5.2,6.2,0.839,0.8,5.1,5.8,4.5,1.1,0.6,3.3,1.9,27.1
4,Jalen Brunson,28,NYK,PG,61,61,2162,9.3,18.9,0.492,2.3,6.1,0.377,7,12.9,0.543,0.553,5.8,7.1,0.817,0.4,2.6,3,7.5,1,0.1,2.5,2.2,26.7
5,Jayson Tatum,26,BOS,PF,59,59,2147,9.1,20,0.455,3.5,10,0.35,5.6,10,0.56,0.543,4.9,6.1,0.803,0.7,8,8.7,5.7,1.1,0.5,2.9,2.2,26.6
6,Trae Young,26,ATL,PG,59,59,2138,7.2,18,0.4,2.8,8.5,0.329,4.5,9.5,0.474,0.478,6.2,7.2,0.861,0.4,2.6,3,11.5,1.1,0.2,4.7,2,23.5
7,De'Aaron Fox,27,2TM,PG,58,58,2106,8.7,18.7,0.465,1.9,6.1,0.311,6.8,12.6,0.54,0.516,4.3,5.2,0.827,0.9,3.9,4.8,6.2,1.5,0.4,2.8,2.6,23.5
7,De'Aaron Fox,27,SAC,PG,45,45,1663,9,19.1,0.471,2,6.2,0.323,7,12.9,0.543,0.524,4.4,5.3,0.83,1,3.9,4.9,6,1.4,0.4,2.9,2.6,24.3
7,De'Aaron Fox,27,SAS,PG,13,13,443,7.6,17.3,0.439,1.5,5.9,0.254,6,11.5,0.522,0.483,3.7,4.6,0.804,0.6,3.8,4.4,7,1.9,0.4,2.6,2.8,20.4
8,Jalen Green,22,HOU,SG,63,63,2095,8.1,19.1,0.424,3.2,8.9,0.36,5,10.2,0.49,0.508,3.5,4.3,0.814,0.6,4.1,4.7,3.5,0.9,0.3,2.8,1.8,23
9,Devin Booker,28,PHO,SG,56,56,2089,8.3,18.1,0.459,2.6,7.4,0.351,5.7,10.7,0.533,0.53,5.9,6.6,0.894,0.9,2.9,3.8,6.6,1,0.2,2.7,2.6,25
10,Shai Gilgeous-Alexander,26,OKC,PG,61,61,2087,11.9,22.6,0.527,2.3,6,0.383,9.6,16.6,0.578,0.577,8.5,9.4,0.904,0.9,4.4,5.4,6.5,1.9,1.1,2.7,2.4,34.5
11,Jaden McDaniels,24,MIN,PF,64,64,2083,5.4,11.4,0.474,1.4,4.4,0.318,4,7.1,0.563,0.535,1.6,1.9,0.842,1.8,4.7,6.6,2.2,1.6,1,1.3,3.2,13.8
12,Tyler Herro,25,MIA,SG,58,58,2064,8.4,18.3,0.459,3.6,9.8,0.367,4.8,8.5,0.565,0.557,3.8,4.4,0.864,0.4,5,5.4,5.8,0.8,0.2,2.7,1.3,24.2
13,James Harden,35,LAC,PG,59,59,2051,6.7,17,0.394,3,8.9,0.337,3.6,8.1,0.444,0.482,6.5,7.4,0.878,0.7,5.3,6,8.9,1.6,0.6,4.7,2.2,22.8
14,OG Anunoby,27,NYK,PF,56,56,2050,6.1,12.8,0.477,2.2,5.9,0.373,3.9,6.9,0.565,0.563,1.9,2.5,0.76,1.3,3.3,4.6,2,1.3,0.9,1.3,2.2,16.2
15,Cade Cunningham,23,DET,PG,58,58,2044,9.7,21.1,0.46,2.3,6.4,0.359,7.4,14.7,0.503,0.514,4.4,5.1,0.863,0.8,5.5,6.3,9.6,1.1,0.8,4.5,2.8,26
16,Christian Braun,23,DEN,SG,61,59,2035,6.4,11.2,0.571,1.1,2.9,0.379,5.3,8.2,0.646,0.621,2.5,3,0.833,1.4,4.2,5.5,2.5,1.2,0.6,1,2.4,16.3
17,Kelly Oubre Jr.,29,PHI,SF,58,55,2033,6,12.8,0.469,1.3,4.2,0.31,4.8,8.6,0.558,0.52,2.4,3.2,0.75,1.7,4.7,6.4,1.9,1.6,0.5,1.4,3.1,15.7
18,Nikola Jokić,29,DEN,C,56,56,2022,10.9,19,0.574,1.9,4.4,0.432,9,14.6,0.616,0.624,4.9,6,0.817,2.9,9.8,12.7,10.3,1.8,0.6,3.3,2.2,28.7
19,Bam Adebayo,27,MIA,C,59,59,2021,7.1,14.6,0.486,0.9,2.7,0.333,6.3,11.8,0.534,0.517,3.3,4.4,0.75,2.7,7.8,10.5,4.6,1.3,0.7,2.3,2.3,18.4
20,Derrick White,30,BOS,SG,60,60,2019,6.1,13.6,0.449,3.8,9.6,0.396,2.3,3.9,0.59,0.588,1.9,2.2,0.864,0.9,3.6,4.5,4.5,1,1.1,1.7,1.9,17.8
21,Pascal Siakam,30,IND,PF,61,61,2010,8.7,16.6,0.524,1.9,4.7,0.404,6.8,11.9,0.571,0.581,3.4,4.5,0.756,1.9,6,7.9,3.6,1,0.5,1.5,2.8,22.7
22,DeMar DeRozan,35,SAC,SF,56,56,2010,8.2,16.8,0.488,1.1,3,0.367,7.1,13.7,0.518,0.521,4.8,5.5,0.873,0.6,3.3,3.9,3.9,1,0.4,1.4,1.9,22.2
23,Tyrese Haliburton,24,IND,PG,59,59,2007,6.9,14.7,0.469,3.2,8.3,0.386,3.6,6.4,0.563,0.578,2.7,3.1,0.871,0.6,3.1,3.7,9.4,1.5,0.7,1.8,1.4,19.6
24,Keegan Murray,24,SAC,PF,58,58,1999,4.9,11.1,0.441,2,5.9,0.339,3,5.2,0.577,0.532,0.9,1.1,0.818,2.1,5,7.1,1.5,0.8,0.9,0.9,2.6,12.8
25,Toumani Camara,24,POR,PF,61,61,1990,4.4,9.5,0.463,1.7,4.6,0.37,2.7,5,0.54,0.553,1.4,1.8,0.778,2.6,4,6.5,2.3,1.6,0.7,1.6,3.4,11.8
26,LeBron James,40,LAL,SF,57,57,1989,9.8,19,0.516,2.4,6.1,0.393,7.5,12.9,0.581,0.579,3.8,4.8,0.792,1,7.3,8.4,8.8,0.9,0.6,4.1,1.5,25.8
27,Jamal Murray,27,DEN,PG,55,55,1985,7.9,16.6,0.476,2.4,5.9,0.407,5.5,10.7,0.514,0.548,3.2,3.6,0.889,0.6,3.2,3.8,6,1.4,0.5,2.2,1.9,21.4
28,Domantas Sabonis,28,SAC,C,56,56,1974,7.8,13.2,0.591,1,2.4,0.417,6.8,10.8,0.63,0.629,3.2,4.3,0.744,4,10.4,14.4,6.3,0.6,0.4,3,3.5,20
29,Michael Porter Jr.,26,DEN,SF,59,59,1972,7.5,14.8,0.507,2.8,6.8,0.412,4.7,8,0.588,0.601,2,2.7,0.741,2,5.4,7.4,2.3,0.7,0.5,1.4,2,19.8
30,Dyson Daniels,21,ATL,SG,58,58,1971,6.2,12.9,0.481,1.2,3.3,0.364,5.1,9.6,0.531,0.527,1.2,2,0.6,1.7,4.2,5.9,4.3,3.2,0.8,2,2.7,14.8
31,Tyrese Maxey,24,PHI,PG,52,52,1960,8.8,20,0.44,3,8.8,0.341,5.8,11.3,0.513,0.515,4.7,5.3,0.887,0.3,2.9,3.2,5.8,1.7,0.4,2.3,2.1,25.1
32,Jalen Williams,23,OKC,SG,59,59,1936,8.9,18.7,0.476,2,5.6,0.357,6.9,13.1,0.527,0.529,3.5,4.5,0.778,0.9,5.1,6,5.7,1.8,0.8,2.5,2.7,23.4
33,Karl-Anthony Towns,29,NYK,C,55,55,1936,8.9,17,0.524,2.1,4.9,0.429,6.9,12.1,0.57,0.585,4.8,5.8,0.828,3.1,10.6,13.7,3.2,1,0.8,2.6,3.6,24.8
34,Ivica Zubac,27,LAC,C,60,60,1934,7.9,12.7,0.622,0,0,0,7.9,12.7,0.622,0.622,2,3.1,0.645,4.2,9.8,13.9,2.8,0.9,1.3,1.8,2.4,17.7
35,Anfernee Simons,25,POR,SG,59,59,1926,7.5,17.4,0.431,3.4,9.1,0.374,4.1,8.3,0.494,0.529,2.8,3.1,0.903,0.4,2.7,3,5.5,0.9,0.1,2.3,1.9,21.1
36,Amen Thompson,22,HOU,SF,59,32,1919,6.1,11,0.555,0.4,1.4,0.286,5.7,9.6,0.594,0.573,2.9,4.2,0.69,3,6.2,9.2,3.9,1.5,1.4,2.3,2.6,15.5
37,Brook Lopez,36,MIL,C,60,60,1905,5.3,11,0.482,2,5.7,0.351,3.2,5.4,0.593,0.573,1.6,1.9,0.842,1.5,4.2,5.7,2,0.8,2.2,1.1,2.4,14.2
38,Bilal Coulibaly,20,WAS,SF,57,57,1904,4.8,11.5,0.417,1.2,4.2,0.286,3.6,7.3,0.493,0.47,2.5,3.4,0.735,1.6,3.8,5.3,3.7,1.4,0.8,2.3,2.6,13.3
39,Dillon Brooks,29,HOU,SF,59,59,1900,5.4,13.1,0.412,2.7,6.9,0.391,2.8,6.3,0.444,0.515,1.6,1.9,0.842,1.3,3.1,4.4,1.8,0.9,0.2,1.1,3.8,15.1
40,Tobias Harris,32,DET,PF,59,59,1887,6,12.6,0.476,1.4,4.2,0.333,4.6,8.5,0.541,0.532,2.2,2.5,0.88,1,5.6,6.7,2.5,1,0.9,1.3,2.1,15.5
41,Zach LaVine,29,2TM,SF,54,54,1865,8.9,17.5,0.509,3.3,7.6,0.434,5.6,9.9,0.566,0.603,3.6,4.4,0.818,0.3,4.5,4.8,4.6,1,0.2,3,1.5,24.6
41,Zach LaVine,29,CHI,SF,42,42,1432,9.1,17.8,0.511,3.4,7.7,0.442,5.7,10.2,0.559,0.607,3.6,4.6,0.783,0.3,4.8,5.1,4.8,1,0.3,3,1.6,25.3
41,Zach LaVine,29,SAC,SG,12,12,433,8.1,16.2,0.5,2.9,7.2,0.403,5.2,9,0.578,0.59,3.2,3.7,0.865,0.2,3.7,3.9,4.2,1,0.1,2.7,1.2,22.3
42,Austin Reaves,26,LAL,SG,54,54,1851,6.3,14.3,0.441,2.6,7.4,0.351,3.7,6.9,0.536,0.531,4.5,5.2,0.865,0.9,3.6,4.5,6.2,1.2,0.3,2.5,2.1,19.8
43,Alperen Şengün,22,HOU,C,59,59,1848,8.7,17.6,0.494,0.4,1.5,0.267,8.4,16,0.525,0.506,4.4,6.4,0.688,3.8,8.2,12,5.6,1.3,0.9,2.9,3.3,22.1
44,Damian Lillard,34,MIL,PG,51,51,1847,7.8,17.2,0.453,3.5,9.1,0.385,4.3,8.1,0.531,0.555,6.3,6.8,0.926,0.5,4.1,4.6,7.2,1.2,0.2,2.9,1.7,25.4
45,Kentavious Caldwell-Pope,31,ORL,SG,61,61,1844,3.7,8.7,0.425,1.6,5.2,0.308,2.1,3.5,0.6,0.517,1.3,1.6,0.813,0.4,2,2.5,2.1,1.6,0.5,1,2.4,10.4
46,Coby White,24,CHI,SG,56,55,1841,7,16.2,0.432,3.3,9.1,0.363,3.7,7,0.529,0.534,3.3,3.7,0.892,0.4,3.4,3.7,4.9,1.1,0.2,2.5,2.4,20.7
47,Rudy Gobert,32,MIN,C,55,55,1831,4.6,7.1,0.648,0,0,0,4.6,7.1,0.648,0.648,2.6,3.9,0.667,3.8,7.5,11.3,2,0.7,1.7,1.5,2.6,11.9
48,Jaylen Brown,28,BOS,SF,52,52,1831,8.7,19,0.458,1.9,6,0.317,6.8,12.9,0.527,0.508,4.1,5.5,0.745,1.5,4.7,6.2,4.9,1.2,0.3,2.8,2.6,23.6
49,Donovan Mitchell,28,CLE,SG,58,58,1809,9.8,21.5,0.456,4.1,10.5,0.39,5.7,11,0.518,0.551,4.4,5.3,0.83,0.9,4.2,5,5.5,1.6,0.2,2.3,2.3,28.1
50,Kevin Durant,36,PHO,PF,49,49,1805,9.5,18.1,0.525,2.4,6,0.4,7.2,12.1,0.595,0.591,4.8,5.8,0.828,0.4,5.5,5.9,4.1,0.9,1.3,2.9,1.7,26.2
51,Kyrie Irving,32,DAL,SG,50,50,1804,8.9,18.9,0.471,2.9,7.2,0.403,6,11.7,0.513,0.548,3.9,4.3,0.907,1.2,3.6,4.8,4.6,1.3,0.5,2.2,2,24.6
52,Bub Carrington,19,WAS,PG,61,42,1799,4.1,10.2,0.402,2,5.7,0.351,2.1,4.5,0.467,0.5,1,1.2,0.833,0.5,4.4,4.9,4.9,0.9,0.3,1.9,2.8,11.2
53,Nikola Vučević,34,CHI,C,56,56,1799,8.7,16.4,0.53,2,5.1,0.392,6.8,11.3,0.602,0.591,2,2.4,0.833,2.6,8.9,11.5,3.8,1,0.7,1.9,2.7,21.4
54,Jarrett Allen,26,CLE,C,62,62,1765,7,9.9,0.707,0,0.1,0,7,9.8,0.714,0.707,3,4,0.75,3.4,9.6,13,2.5,1.1,1.2,1.5,1.9,17
55,0z Reid,25,MIN,C,63,16,1761,7.1,15.3,0.464,2.9,7.6,0.382,4.1,7.7,0.532,0.559,2,2.6,0.769,1.5,6.4,7.9,2.8,1,1.2,1.7,3.1,19.1
56,Darius Garland,25,CLE,PG,58,58,1758,8.9,18.6,0.478,3.5,8.4,0.417,5.4,10.2,0.529,0.573,3.6,4.1,0.878,0.7,2.3,3,8,1.4,0.2,2.9,2.4,25
57,Payton Pritchard,27,BOS,PG,62,0,1747,6.5,13.5,0.481,4.3,10.1,0.426,2.2,3.5,0.629,0.641,1.2,1.4,0.857,1.7,3.2,4.9,4.5,1.1,0.2,1.2,2,18.4
58,Tyus Jones,28,PHO,PG,61,56,1747,4.8,10.8,0.444,2.5,6.2,0.403,2.3,4.6,0.5,0.56,0.9,1.1,0.818,0.6,2.4,3.1,7.3,1.1,0.1,1.7,1.1,13.1
59,Stephen Curry,36,GSW,PG,54,54,1736,9.1,20.2,0.45,5,12.5,0.4,4.1,7.6,0.539,0.574,4.1,4.4,0.932,0.6,4.4,5,7,1.2,0.5,3.2,1.5,27.3
60,Malik Beasley,28,DET,SG,63,14,1734,7.6,17.1,0.444,5.2,12.4,0.419,2.3,4.8,0.479,0.596,1.4,2.1,0.667,0.7,2.9,3.6,2.2,1.2,0.1,1.3,2,21.7
61,Jaren Jackson Jr.,25,MEM,C,59,59,1732,10,20.2,0.495,2.3,6.3,0.365,7.7,13.9,0.554,0.552,5.5,7.1,0.775,1.6,5.5,7.2,2.6,1.5,2,2.6,4.1,27.9
62,Chris Paul,39,SAS,PG,60,60,1722,3.7,9,0.411,2.2,5.9,0.373,1.6,3.1,0.516,0.533,1.6,1.7,0.941,0.6,4.1,4.7,10,1.7,0.3,1.9,2.3,11.2
63,Josh Giddey,22,CHI,PG,58,58,1717,6,13.1,0.458,1.8,4.8,0.375,4.2,8.3,0.506,0.527,2.5,3.2,0.781,2.2,7.1,9.2,8.1,1.3,0.8,3.3,2.1,16.2
64,Bennedict Mathurin,22,IND,SF,55,44,1695,6.6,14,0.471,1.6,4.7,0.34,5,9.3,0.538,0.529,4,4.8,0.833,1.4,5,6.4,2.2,0.7,0.5,2.2,2.7,18.9
65,Malik Monk,26,SAC,SG,52,39,1688,7.2,16.4,0.439,2.4,7.5,0.32,4.8,8.9,0.539,0.512,2.7,3,0.9,0.5,3.8,4.2,6.5,1.1,0.7,2.6,2.9,19.6
66,Deni Avdija,24,POR,SF,59,41,1686,6.1,13.3,0.459,1.8,5.3,0.34,4.4,8,0.55,0.526,4.6,6,0.767,1.6,6.5,8,4.5,1.2,0.6,3.1,3,18.6
67,Trey Murphy III,24,NOP,SF,47,45,1678,7.4,16.3,0.454,3.2,8.6,0.372,4.2,7.6,0.553,0.552,4,4.5,0.889,0.9,4.3,5.2,3.8,1.2,0.8,1.9,2.2,22
68,Luguentz Dort,25,OKC,SF,58,58,1677,4.3,10.2,0.422,2.7,7,0.386,1.6,3.2,0.5,0.554,0.7,0.9,0.778,1.7,3.4,5.1,2.1,1.4,0.7,0.8,3.8,12
69,Tim Hardaway Jr.,32,DET,SG,59,59,1667,4.4,10.8,0.407,2.6,7.3,0.356,1.7,3.5,0.486,0.528,1.9,2.3,0.826,0.3,2.7,3,2.1,0.6,0.1,0.9,1.6,13.3
70,Myles Turner,28,IND,C,54,54,1665,6.4,13.4,0.478,2.6,6.4,0.406,3.8,7,0.543,0.575,2.8,3.6,0.778,1.3,6.3,7.6,1.9,1,2.2,2.1,3.2,18.2
71,Shaedon Sharpe,21,POR,SG,55,35,1663,7.9,17.4,0.454,2.4,7.4,0.324,5.5,10.1,0.545,0.523,2.9,3.6,0.806,1,3.8,4.7,3.1,0.9,0.3,2.2,2,21
72,Julius Randle,30,MIN,PF,51,51,1662,7.3,15.5,0.471,1.6,5.1,0.314,5.7,10.4,0.548,0.523,4.7,5.7,0.825,2.4,5.6,8,5,0.8,0.2,3.1,2.8,20.9
73,Giannis Antetokounmpo,30,MIL,PF,49,49,1661,13,21.5,0.605,0.2,0.9,0.222,12.8,20.5,0.624,0.609,6.5,11,0.591,2.4,10.5,12.9,6.3,0.8,1.3,3.5,2.7,32.7
74,Evan Mobley,23,CLE,PF,55,55,1657,8.6,15.1,0.57,1.3,3.4,0.382,7.3,11.6,0.629,0.613,3.8,5.2,0.731,2.8,8.4,11.2,3.6,1,1.9,2.4,2.5,22.2
75,Scottie Barnes,23,TOR,PF,48,48,1654,7.8,17.4,0.448,1.3,5,0.26,6.5,12.4,0.524,0.486,3.7,4.7,0.787,1.7,6.5,8.1,6.4,1.5,1.1,3,2.1,20.6
76,Harrison Barnes,32,SAS,PF,60,60,1644,5.1,10.5,0.486,2.2,5.3,0.415,2.9,5.2,0.558,0.59,2.5,3.2,0.781,1.7,3.4,5.2,2.3,0.4,0.2,0.7,1.2,15
77,Nickeil Alexander-Walker,26,MIN,SG,64,10,1634,4.7,10.6,0.443,2.5,6.4,0.391,2.2,4.2,0.524,0.561,1.3,1.7,0.765,0.8,3.5,4.4,3.6,0.9,0.5,1.7,2.5,13.2
78,RJ Barrett,24,TOR,SF,49,49,1632,8.8,18.4,0.478,2,5.7,0.351,6.8,12.7,0.535,0.533,3.9,6,0.65,1,5.9,6.9,6.1,0.9,0.3,3.2,2.7,23.4
79,Fred VanVleet,30,HOU,PG,46,46,1631,5,13.1,0.382,2.7,7.9,0.342,2.4,5.3,0.453,0.485,1.9,2.3,0.826,0.7,3.3,4,5.9,1.7,0.4,1.6,2.5,14.6
80,Jalen Wilson,24,BRK,PF,61,15,1623,4.2,10.6,0.396,1.9,6,0.317,2.3,4.6,0.5,0.486,2.4,2.8,0.857,1.4,3.2,4.6,2.5,0.7,0.1,1.5,2.9,12.6
81,Jaylen Wells,21,MEM,SG,62,57,1618,5.5,12.3,0.447,2.6,7,0.371,2.9,5.3,0.547,0.553,2,2.4,0.833,1.5,2.9,4.4,2.3,0.8,0.1,1.3,2.5,15.5
82,Yves Missi,20,NOP,C,60,54,1617,4.7,8.7,0.54,0,0,0,4.7,8.7,0.54,0.54,2.1,3.4,0.618,4.6,6.1,10.7,1.7,0.7,1.8,1.5,2.8,11.6
83,Rui Hachimura,26,LAL,PF,50,50,1605,5.7,11.2,0.509,1.9,4.6,0.413,3.8,6.6,0.576,0.594,1.7,2.2,0.773,1.6,4.2,5.9,1.7,0.9,0.5,1,2,14.9
84,Keyonte George,21,UTA,PG,51,32,1600,6.2,15.6,0.397,3.1,8.8,0.352,3.2,6.9,0.464,0.497,3.6,4.5,0.8,0.5,3.8,4.3,6.8,0.8,0.2,3.2,1.9,19.1
85,Dennis Schröder,31,3TM,PG,57,41,1595,6.1,14.8,0.412,2.5,6.9,0.362,3.7,7.9,0.468,0.497,2.6,3.2,0.813,0.4,3,3.4,6.9,1.2,0.2,2.7,3.1,17.4
85,Dennis Schröder,31,BRK,PG,23,23,772,6.9,15.2,0.454,2.7,7,0.386,4.2,8.2,0.512,0.543,3.4,3.8,0.895,0.2,3,3.2,7.1,1.2,0.2,2.8,2.6,19.8
85,Dennis Schröder,31,GSW,SG,24,18,628,5.4,14.4,0.375,2.1,6.6,0.318,3.3,7.8,0.423,0.448,1.7,2.2,0.773,0.6,2.6,3.2,6,1.4,0.2,2.8,3.8,14.6
85,Dennis Schröder,31,DET,PG,10,0,195,5.7,14.6,0.39,2.6,7.4,0.351,3.1,7.2,0.431,0.479,3,3.7,0.811,0.9,4.2,5.2,8.9,0.6,0.6,2.4,3,17
86,Jordan Poole,25,WAS,SG,51,51,1594,7.9,18.8,0.42,4,10.8,0.37,3.9,8,0.488,0.527,4.5,5.1,0.882,0.6,3.2,3.7,5.5,1.6,0.5,3.8,3.7,24.2
87,CJ McCollum,33,NOP,PG,48,48,1588,8.8,19.6,0.449,3.3,8.9,0.371,5.4,10.7,0.505,0.533,2.5,3.4,0.735,0.8,3.3,4,4.2,0.8,0.5,2,2.4,23.4
88,Gradey Dick,21,TOR,SG,54,54,1587,6,14.7,0.408,2.6,7.4,0.351,3.4,7.3,0.466,0.497,3,3.5,0.857,1,3.4,4.4,2.2,1.1,0.2,1.9,2.7,17.6
89,Max Christie,21,2TM,SG,59,31,1577,4.3,9.7,0.443,1.9,5.2,0.365,2.4,4.5,0.533,0.541,2.2,2.6,0.846,0.7,3.3,4,2.5,1.1,0.6,1.3,2.1,12.7
89,Max Christie,21,LAL,SG,46,25,1154,4,9,0.444,1.9,5.1,0.373,2.1,3.9,0.538,0.55,2.3,2.7,0.852,0.8,3.1,3.8,2.1,1.1,0.7,1.2,2.3,12.2
89,Max Christie,21,DAL,SG,13,6,423,5.1,11.7,0.436,2.1,5.4,0.389,3,6.3,0.476,0.526,2,2.3,0.87,0.5,4,4.5,3.7,1.2,0.4,1.6,1.8,14.3
90,Taurean Prince,30,MIL,SF,60,53,1576,3.8,8.5,0.447,2.5,5.7,0.439,1.3,2.9,0.448,0.594,0.6,0.7,0.857,0.7,4.5,5.1,2.7,1.1,0.2,1.4,2.8,10.8
91,Josh Green,24,CHO,SG,55,54,1572,3.4,7.8,0.436,1.8,4.6,0.391,1.6,3.3,0.485,0.551,0.9,1.4,0.643,1.1,2.2,3.3,1.9,1.4,0.3,1.2,3.2,9.5
92,Desmond Bane,26,MEM,SG,50,49,1562,7.9,16.1,0.491,2.5,6.7,0.373,5.3,9.5,0.558,0.568,3.1,3.5,0.886,1.1,5.8,6.9,6.3,1.3,0.5,3,2.7,21.3
93,Amir Coffey,27,LAC,SG,60,13,1551,4.9,10.4,0.471,2.1,5,0.42,2.9,5.4,0.537,0.572,2.5,2.8,0.893,0.7,2.7,3.4,1.6,0.8,0.2,1,2.5,14.4
94,Guerschon Yabusele,29,PHI,C,58,31,1548,5.3,10.5,0.505,2,5.2,0.385,3.3,5.3,0.623,0.6,1.8,2.4,0.75,2.5,4.9,7.4,2.7,1.1,0.5,1.7,3.2,14.5
95,Jalen Duren,21,DET,C,60,60,1546,6.4,9.2,0.696,0,0,0,6.4,9.2,0.696,0.696,2.7,4,0.675,4.8,9.5,14.3,3.7,1,1.7,2.6,4.5,15.6
96,Spencer Dinwiddie,31,DAL,PG,61,20,1535,4.6,11.4,0.404,1.9,5.7,0.333,2.7,5.7,0.474,0.487,3.3,4,0.825,0.3,3,3.3,5.4,1.2,0.3,1.7,2.2,14.4
97,Victor Wembanyama,21,SAS,C,46,46,1527,9.6,20.2,0.475,3.3,9.5,0.347,6.3,10.7,0.589,0.557,3.7,4.5,0.822,1.9,10,11.9,4,1.2,4.1,3.5,2.5,26.3
98,Norman Powell,31,LAC,SG,46,46,1520,9,18.2,0.495,3.6,8.4,0.429,5.4,9.8,0.551,0.593,4.3,5.3,0.811,0.4,3.4,3.8,2.4,1.4,0.2,2.2,2,25.9
99,Russell Westbrook,36,DEN,PG,55,29,1518,6.4,13.8,0.464,1.6,4.8,0.333,4.8,9,0.533,0.522,2.5,3.9,0.641,1.8,4.7,6.5,8,1.8,0.7,4,3.3,16.8
100,P.J. Washington,26,DAL,PF,47,46,1515,5.6,13,0.431,1.8,4.7,0.383,3.8,8.3,0.458,0.5,2.6,3.6,0.722,1.8,7.3,9,2.6,1.3,1.2,2.1,2.7,15.6
101,Miles Bridges,26,CHO,PF,47,47,1512,8.2,19,0.432,2.5,7.8,0.321,5.8,11.3,0.513,0.497,3.7,4.3,0.86,1.3,7.4,8.7,4.2,0.8,0.7,2.4,1.7,22.7
102,Andrew Wiggins,29,2TM,SF,49,49,1508,7,16.1,0.435,2.5,6.8,0.368,4.5,9.3,0.484,0.512,4.1,5.2,0.788,1.8,3.6,5.4,2.9,1.1,0.9,1.7,1.9,20.6
102,Andrew Wiggins,29,GSW,SF,43,43,1296,7.2,16.3,0.442,2.6,6.9,0.377,4.6,9.4,0.489,0.521,3.9,5,0.78,1.8,3.6,5.5,2.8,1.1,0.9,1.6,1.9,21
102,Andrew Wiggins,29,MIA,SF,6,6,212,5.4,14.6,0.37,1.9,6.5,0.292,3.6,8.2,0.439,0.435,5.4,6.6,0.818,1.7,3.2,4.9,3.4,1.2,1,2.7,1.7,18.2
103,Klay Thompson,34,DAL,SF,55,55,1505,6.7,16.1,0.416,4.1,10.3,0.398,2.5,5.8,0.431,0.543,1.1,1.2,0.917,0.9,3.7,4.6,2.7,1.1,0.6,1.7,1.7,18.5
104,Stephon Castle,20,SAS,PG,59,29,1497,6.8,16.1,0.422,1.6,5.6,0.286,5.2,10.5,0.495,0.472,3.6,5,0.72,1.3,3.1,4.4,5,1.3,0.3,2.8,2.5,18.8
105,Cameron Johnson,28,BRK,PF,47,47,1493,7.1,14.9,0.477,3.4,8.4,0.405,3.7,6.5,0.569,0.591,4,4.4,0.909,1,3.7,4.7,3.4,1,0.5,1.9,2.1,21.5
106,Jakob Poeltl,29,TOR,C,49,48,1485,7.3,11.9,0.613,0,0,0,7.3,11.9,0.613,0.613,2.1,3.2,0.656,4,7.7,11.7,3.3,1.4,1.5,2.2,3.9,16.7
107,Corey Kispert,25,WAS,SF,56,0,1483,5.8,12.7,0.457,2.7,7.4,0.365,3,5.3,0.566,0.563,1.6,1.9,0.842,0.8,3.3,4.1,2.3,0.6,0.3,1.5,2.2,15.8
108,Cason Wallace,21,OKC,SG,54,36,1482,4.2,9.2,0.457,1.4,4.1,0.341,2.8,5.1,0.549,0.533,0.5,0.6,0.833,1.4,3.2,4.6,3.2,2.3,0.6,1,3,10.2
109,Kyshawn George,21,WAS,SG,55,25,1479,3.8,10.7,0.355,2.2,7.1,0.31,1.6,3.6,0.444,0.458,1.4,1.8,0.778,1,4.5,5.5,3.3,1.3,0.9,2,4,11.2
110,Franz Wagner,23,ORL,SF,44,44,1476,9.8,21,0.467,2,6.5,0.308,7.8,14.6,0.534,0.514,5.1,6,0.85,1,4.8,5.9,5,1.5,0.5,2.5,2.8,26.7
111,Onyeka Okongwu,24,ATL,C,56,22,1474,6.9,11.9,0.58,0.6,2.2,0.273,6.3,9.7,0.649,0.605,2.9,4,0.725,4,7.4,11.4,3,1.1,1.2,1.5,3.3,17.2
112,Buddy Hield,32,GSW,SG,63,22,1471,6.4,15.5,0.413,3.9,10.7,0.364,2.5,4.9,0.51,0.539,1,1.2,0.833,0.9,4.1,5,2.5,1.3,0.5,1.9,2.6,17.6
113,Anthony Davis,31,2TM,PF,43,43,1471,10,19,0.526,0.7,2.3,0.304,9.3,16.6,0.56,0.545,6.3,8,0.788,3,9.6,12.6,3.6,1.3,2.3,2.3,2,27.1
113,Anthony Davis,31,LAL,C,42,42,1440,10,18.9,0.529,0.7,2.3,0.304,9.3,16.6,0.56,0.548,6.3,8,0.788,3,9.5,12.5,3.5,1.4,2.3,2.3,2,27
113,Anthony Davis,31,DAL,PF,1,1,31,11.6,20.9,0.555,2.3,2.3,1,9.3,18.6,0.5,0.61,4.6,7,0.657,4.6,13.9,18.6,8.1,0,3.5,1.2,0,30.2
114,Terry Rozier,30,MIA,PG,53,23,1468,5.6,14,0.4,1.9,6.6,0.288,3.7,7.4,0.5,0.468,2.2,2.5,0.88,0.9,4.1,5.1,3.7,0.8,0.3,1.8,1.7,15.3
115,Jerami Grant,30,POR,PF,45,45,1464,5.1,13.6,0.375,2.5,6.9,0.362,2.6,6.7,0.388,0.467,3.3,3.9,0.846,0.6,3.2,3.8,2.5,1,1.1,1.5,2.6,15.9
116,Quentin Grimes,24,2TM,SG,59,21,1462,6.1,12.8,0.477,2.6,6.7,0.388,3.4,6,0.567,0.578,2,2.8,0.714,1.1,4.9,6,3.5,1.1,0.4,2,2.5,16.8
116,Quentin Grimes,24,DAL,SG,47,12,1070,5.7,12.3,0.463,2.7,6.8,0.397,3,5.5,0.545,0.573,2.1,2.7,0.778,1,5,6,3.4,1.1,0.3,2.1,2.6,16.1
116,Quentin Grimes,24,PHI,SG,12,9,392,7.1,14.1,0.504,2.5,6.7,0.373,4.6,7.4,0.622,0.592,1.8,2.8,0.643,1.5,4.6,6.1,3.8,1.3,0.6,1.9,2.1,18.5
117,Scoot Henderson,20,POR,PG,55,9,1458,5.8,13.5,0.43,2.1,5.8,0.362,3.7,7.7,0.481,0.507,3.3,4.2,0.786,0.9,3.1,4,7.1,1.6,0.3,3.5,3.8,17
118,Ochai Agbaji,24,TOR,SG,54,38,1457,5.3,10.5,0.505,2,5,0.4,3.3,5.5,0.6,0.6,0.7,1,0.7,1.2,3.7,4.9,2,1.1,0.7,1,2.5,13.3
119,Nic Claxton,25,BRK,C,54,46,1454,5.9,10.9,0.541,0,0.4,0,5.9,10.6,0.557,0.541,1.7,3.1,0.548,2.9,7,10,3,1.3,2,1.7,2.8,13.5
120,Anthony Black,21,ORL,PG,60,9,1444,4.7,11.3,0.416,1,3.5,0.286,3.6,7.8,0.462,0.46,3.1,4.1,0.756,0.9,3.1,4.1,4.7,1.6,0.8,2.7,3.3,13.5
121,Walker Kessler,23,UTA,C,47,47,1427,5.9,8.1,0.728,0.1,0.2,0.5,5.9,8,0.738,0.735,1.7,3.2,0.531,5.3,9,14.3,1.9,0.7,2.7,1.7,2.6,13.6
122,Keon Johnson,22,BRK,SG,60,38,1425,5.6,14.9,0.376,2.2,7.6,0.289,3.3,7.3,0.452,0.45,1.9,2.4,0.792,1.3,4.2,5.5,3,1.6,0.6,2,3.9,15.3
123,Duncan Robinson,30,MIA,SF,58,30,1424,5.8,13.3,0.436,3.7,9.6,0.385,2.1,3.7,0.568,0.575,0.9,1,0.9,0.4,3.2,3.6,3.9,0.8,0.1,1.8,2.8,16.2
124,Julian Champagnie,23,SAS,SF,60,26,1422,5.2,12.2,0.426,3.3,8.9,0.371,1.9,3.3,0.576,0.561,1.4,1.5,0.933,1.2,4.6,5.8,2,1.2,0.7,1.4,2,15
125,Royce O'Neale,31,PHO,SF,56,18,1421,4.8,11.2,0.429,3.5,8.4,0.417,1.3,2.8,0.464,0.585,0.5,0.7,0.714,1.1,5.8,6.9,2.9,1.4,0.7,1.3,2.9,13.7
126,Derrick Jones Jr.,27,LAC,SF,57,51,1420,6,11.6,0.517,1.4,4.1,0.341,4.6,7.6,0.605,0.578,1.5,2,0.75,1.9,3.2,5.1,1.2,1.7,0.5,1.3,3,15
127,Tristan Da Silva,23,ORL,SF,60,35,1413,4.4,10.4,0.423,1.8,5.3,0.34,2.6,5.1,0.51,0.51,1.3,1.5,0.867,1.7,3.7,5.4,2.5,0.7,0.4,1.3,2.1,11.9
128,Jrue Holiday,34,BOS,PG,47,47,1413,4.8,10.9,0.44,2.1,6,0.35,2.7,4.8,0.563,0.537,1.4,1.5,0.933,1.3,3.8,5.1,4.4,1.2,0.5,1.6,1.9,13
129,Draymond Green,34,GSW,PF,49,47,1411,3.9,9.2,0.424,1.4,4.1,0.341,2.6,5.1,0.51,0.5,2,2.9,0.69,1.4,6.2,7.7,7.3,1.6,1.3,3,3.9,11.2
130,Davion Mitchell,26,2TM,PG,54,32,1404,3.7,8.1,0.457,1.5,3.8,0.395,2.2,4.2,0.524,0.549,0.8,1.2,0.667,0.5,2.1,2.7,6.4,1.1,0.3,2.4,3.5,9.7
130,Davion Mitchell,26,TOR,PG,44,22,1080,3.5,8.1,0.432,1.4,3.9,0.359,2.1,4.2,0.5,0.519,0.8,1.2,0.667,0.5,2.3,2.8,6.8,1,0.3,2.6,3.9,9.3
130,Davion Mitchell,26,MIA,PG,10,10,324,4.2,7.8,0.538,1.8,3.7,0.486,2.4,4.1,0.585,0.654,0.9,1.2,0.75,0.6,1.6,2.1,5,1.3,0.3,1.9,2.3,11.1
131,Bradley Beal,31,PHO,SG,43,28,1401,7.5,14.9,0.503,2.2,5.4,0.407,5.3,9.5,0.558,0.577,2.4,2.9,0.828,0.8,3.1,4,4,1.2,0.6,2.3,2.9,19.5
132,Aaron Wiggins,26,OKC,SG,62,19,1395,7.2,14.3,0.503,2.7,6.7,0.403,4.5,7.6,0.592,0.598,1.3,1.6,0.813,1.8,4.2,6,2.6,1.2,0.4,1.4,2.1,18.4
133,Ayo Dosunmu,25,CHI,SG,46,26,1394,5.7,11.6,0.491,1.6,4.9,0.327,4.1,6.7,0.612,0.56,1.6,2,0.8,0.7,3.5,4.2,5.4,1.1,0.5,1.8,2.7,14.6
134,Gary Trent Jr.,26,MIL,SG,55,7,1379,5.4,12.1,0.446,3.3,7.8,0.423,2.1,4.3,0.488,0.583,1.2,1.4,0.857,0.4,3.1,3.4,1.7,1.4,0.1,0.9,2.6,15.2
135,Lauri Markkanen,27,UTA,PF,43,43,1379,7.2,16.8,0.429,3.3,9.5,0.347,3.9,7.3,0.534,0.527,4.1,4.7,0.872,1.9,5,6.9,1.7,0.9,0.4,1.5,2,21.7
136,Devin Vassell,24,SAS,SG,45,34,1367,7.2,16.5,0.436,2.6,7.6,0.342,4.6,8.9,0.517,0.515,1.8,2.3,0.783,0.7,3.7,4.4,3.4,1.4,0.6,1.7,1.8,18.8
137,Zaccharie Risacher,19,ATL,SF,56,54,1363,6.4,14.7,0.435,2.2,6.3,0.349,4.2,8.4,0.5,0.51,2.2,3.1,0.71,1.8,3.5,5.3,1.9,1.2,0.7,1.7,2.8,17.1
138,Julian Strawther,22,DEN,SG,61,4,1351,5.5,12.6,0.437,2.5,7,0.357,3,5.6,0.536,0.536,1.8,2.2,0.818,0.4,3.1,3.5,2.2,1,0.4,1.5,3.9,15.2
139,Collin Sexton,26,UTA,SG,48,46,1350,8.2,17.3,0.474,2.4,5.8,0.414,5.8,11.4,0.509,0.543,4.5,5,0.9,1.3,2.3,3.6,5.2,0.9,0.1,3.1,2.8,23.3
140,Keon Ellis,25,SAC,SG,59,12,1347,4.3,8.9,0.483,2.7,6.1,0.443,1.6,2.8,0.571,0.635,1.5,1.7,0.882,1.2,2.9,4.1,2,2.2,1.3,1.3,3.1,12.7
141,Keldon Johnson,25,SAS,SF,57,0,1345,7,14.7,0.476,1.7,5.4,0.315,5.3,9.3,0.57,0.534,2.9,3.9,0.744,2.1,4.8,6.9,2.3,0.9,0.3,1.4,2.4,18.6
142,Mike Conley,37,MIN,PG,54,48,1342,3.7,9.7,0.381,2.6,6.6,0.394,1.1,3.1,0.355,0.515,1.8,1.9,0.947,0.7,3.1,3.8,6.5,1.7,0.3,1.5,2.3,11.7
143,Paul George,34,PHI,PF,41,41,1334,6.6,15.4,0.429,2.6,7.2,0.361,4,8.1,0.494,0.513,2.1,2.6,0.808,0.6,5.3,5.9,4.8,2,0.5,2.9,2.7,17.9
144,Al Horford,38,BOS,C,49,33,1324,4,9.6,0.417,2.4,6.6,0.364,1.6,3,0.533,0.542,0.6,0.7,0.857,1.5,6,7.6,2.5,0.8,1.1,1,1.9,10.9
145,Isaiah Collier,20,UTA,PG,54,29,1323,4.3,10.6,0.406,0.8,3.4,0.235,3.5,7.2,0.486,0.443,1.5,2.4,0.625,0.6,4,4.6,9,1.3,0.3,4.2,3.2,11
146,Georges Niang,31,2TM,PF,61,2,1323,5.9,12.6,0.468,3.3,8.2,0.402,2.6,4.4,0.591,0.599,0.9,1.1,0.818,1.1,5.3,6.4,2.4,0.6,0.3,1.5,4.2,16
146,Georges Niang,31,CLE,PF,51,1,1053,5.7,11.9,0.479,3.1,7.7,0.403,2.6,4.2,0.619,0.609,0.8,1,0.8,1.2,5.3,6.5,2.3,0.6,0.2,1.6,4.4,15.2
146,Georges Niang,31,ATL,PF,10,1,270,6.9,15.5,0.445,4.1,10.1,0.406,2.8,5.3,0.528,0.577,1.2,1.5,0.8,0.9,5.3,6.3,2.7,0.7,0.5,0.8,3.5,19.2
147,De'Andre Hunter,27,2TM,SF,47,7,1320,7.5,16,0.469,3.3,8,0.413,4.1,7.9,0.519,0.572,5,5.8,0.862,0.9,4.2,5.1,1.8,0.9,0.2,1.8,3,23.2
147,De'Andre Hunter,27,ATL,SF,37,4,1064,7.7,16.6,0.464,3.3,8.4,0.393,4.4,8.3,0.53,0.563,5.1,6,0.85,0.9,4,4.9,1.9,1,0.2,2,3,23.8
147,De'Andre Hunter,27,CLE,SF,10,3,256,6.6,13.2,0.5,3.5,6.8,0.515,3.1,6.5,0.477,0.633,4.4,5.1,0.863,0.8,5.2,6,1.3,0.4,0.6,1,3.2,21.1
148,Kris Dunn,30,LAC,PG,55,39,1309,3.9,8.9,0.438,1.4,4.5,0.311,2.4,4.4,0.545,0.517,0.2,0.4,0.5,1.3,4.2,5.4,4.6,2.8,0.5,1.6,4,9.4
149,Haywood Highsmith,28,MIA,SF,54,39,1309,3.7,7.7,0.481,1.8,4.5,0.4,1.8,3.2,0.563,0.597,0.7,0.9,0.778,1.2,3.4,4.6,2,1.4,0.9,1,3.2,9.9
150,Santi Aldama,24,MEM,PF,52,12,1304,7.2,14.7,0.49,2.7,7,0.386,4.5,7.7,0.584,0.582,1.4,1.9,0.737,2.3,7.3,9.6,4.1,1.2,0.8,1.4,1.5,18.4
151,Andrew Nembhard,25,IND,SG,45,45,1303,4.8,10.3,0.466,1,3.1,0.323,3.8,7.2,0.528,0.515,2.2,2.8,0.786,0.6,3.3,4,6.2,1.6,0.2,2.3,3,12.8
152,Wendell Carter Jr.,25,ORL,C,51,34,1298,4.6,9.9,0.465,0.7,3.1,0.226,3.9,6.9,0.565,0.5,2.9,4,0.725,3,7.5,10.5,3.2,1.1,0.7,1.6,4.1,12.7
153,Dorian Finney-Smith,31,2TM,PF,46,30,1291,3.8,8.6,0.442,2.3,5.9,0.39,1.5,2.7,0.556,0.576,0.6,0.9,0.667,1.8,3.3,5.2,1.7,1.2,0.4,1.2,2.8,10.6
153,Dorian Finney-Smith,31,BRK,PF,20,20,579,4.5,9.9,0.455,2.9,6.7,0.433,1.6,3.2,0.5,0.601,0.9,1.5,0.6,1.9,3.7,5.7,1.9,1.1,0.7,1.1,3.4,12.9
153,Dorian Finney-Smith,31,LAL,PF,26,10,712,3.2,7.5,0.427,1.9,5.3,0.358,1.4,2.3,0.609,0.553,0.4,0.5,0.8,1.8,3,4.8,1.6,1.3,0.2,1.3,2.3,8.7
154,Kyle Kuzma,29,2TM,PF,44,41,1290,7.2,16.8,0.429,1.7,5.9,0.288,5.4,10.9,0.495,0.479,2.6,4.1,0.634,1,6.6,7.6,3,0.7,0.3,2.8,2.1,18.6
154,Kyle Kuzma,29,WAS,PF,32,30,887,7.8,18.5,0.422,1.8,6.5,0.277,5.9,12,0.492,0.47,2.4,4,0.6,1.1,6.4,7.5,3.2,0.8,0.3,3,2.1,19.7
154,Kyle Kuzma,29,MIL,PF,12,11,403,5.9,13.1,0.45,1.5,4.6,0.326,4.4,8.5,0.518,0.508,2.9,4.3,0.674,0.8,7.1,8,2.6,0.4,0.3,2.5,2.1,16.3
155,Jalen Johnson,23,ATL,SF,36,36,1284,7.6,15.2,0.5,1.2,4,0.3,6.4,11.2,0.571,0.539,2.6,3.5,0.743,1.7,8.3,10.1,5.1,1.6,1,3,1.9,19.1
156,Brandin Podziemski,21,GSW,SG,50,19,1270,5.4,12.7,0.425,1.9,6,0.317,3.5,6.6,0.53,0.5,1.6,2.1,0.762,1.5,5.4,6.9,4.8,1.5,0.3,1.5,2.1,14.3
157,Jabari Smith Jr.,21,HOU,PF,41,37,1266,4.7,11.3,0.416,1.9,5.6,0.339,2.8,5.7,0.491,0.5,2.1,2.6,0.808,2.2,5.5,7.8,1.1,0.3,1,1.1,2.8,13.6
158,LaMelo Ball,23,CHO,PG,39,39,1265,10,24.5,0.408,4.3,12.9,0.333,5.7,11.7,0.487,0.496,4.7,5.7,0.825,1.1,4.8,5.9,7.7,1.3,0.3,4,3.7,29
159,0ji Marshall,27,DAL,SF,50,16,1263,6.4,12.8,0.5,1.3,4.4,0.295,5.1,8.4,0.607,0.551,2.2,2.6,0.846,1.4,4.7,6.1,3.8,1.5,0.2,2.1,2.2,16.1
160,Grayson Allen,29,PHO,SG,50,3,1239,4.9,11.1,0.441,3.5,8.3,0.422,1.4,2.8,0.5,0.599,2,2.4,0.833,0.8,3.9,4.7,3.1,1.3,0.5,1.5,2.2,15.4
161,Alex Sarr,19,WAS,C,46,46,1236,5.9,15,0.393,2,6.4,0.313,3.9,8.6,0.453,0.46,1.9,2.9,0.655,2.3,6.3,8.7,3,0.9,2,1.8,3.1,15.8
162,Miles McBride,24,NYK,PG,52,1,1233,4.9,11.9,0.412,2.5,6.9,0.362,2.4,5,0.48,0.517,1.3,1.5,0.867,1.2,2.6,3.8,3.9,1.4,0.4,1,2.2,13.7
163,A.J. Green,25,MIL,SG,54,6,1231,4.2,9.7,0.433,3.5,8.3,0.422,0.6,1.4,0.429,0.613,0.6,0.6,1,0.4,3.3,3.7,2.1,0.8,0.2,0.8,3.5,12.5
164,D'Angelo Russell,28,2TM,PG,48,26,1221,6.2,15.4,0.403,2.7,8.4,0.321,3.4,7,0.486,0.49,2.9,3.4,0.853,0.4,3.4,3.8,7.1,1.4,0.6,2.7,2.7,18.1
164,D'Angelo Russell,28,LAL,PG,29,10,763,6.1,14.7,0.415,2.6,7.9,0.329,3.4,6.7,0.507,0.503,2.1,2.5,0.84,0.4,3.4,3.8,6.4,1.1,0.2,2.4,2.5,16.9
164,D'Angelo Russell,28,BRK,PG,19,16,458,6.4,16.7,0.383,2.9,9.3,0.312,3.5,7.4,0.473,0.47,4.3,4.9,0.878,0.6,3.3,3.9,8.3,1.8,1.2,3.3,3,20
165,Scotty Pippen Jr.,24,MEM,PG,61,17,1219,6.1,12.9,0.473,1.7,4.8,0.354,4.4,8.2,0.537,0.539,2.5,3.6,0.694,1.4,4.4,5.9,7.6,2.1,0.6,3.2,4.5,16.4
166,Caris LeVert,30,2TM,SG,49,3,1213,6,12.9,0.465,2.3,6.1,0.377,3.7,6.7,0.552,0.554,2.3,3.3,0.697,0.9,3.5,4.5,5,1.3,0.7,1.8,2.1,16.7
166,Caris LeVert,30,CLE,SF,38,3,904,5.4,11.9,0.454,2.4,5.9,0.407,3,6,0.5,0.555,2.3,3.3,0.697,0.9,3.4,4.3,5.6,1.3,0.8,2,1.9,15.5
166,Caris LeVert,30,ATL,SG,11,0,309,7.9,15.8,0.5,2.2,6.9,0.319,5.7,9,0.633,0.57,2.4,3.4,0.706,1,4,5,3.5,1.3,0.6,1,2.8,20.5
167,Deandre Ayton,26,POR,C,40,40,1206,7.9,14,0.564,0.2,1,0.2,7.7,13,0.592,0.571,1.2,1.8,0.667,3.7,8.4,12.1,1.9,0.9,1.2,2.1,2.6,17.2
168,Goga Bitadze,25,ORL,C,53,41,1198,5.4,8.6,0.628,0.1,0.7,0.143,5.3,8,0.663,0.634,2,3.2,0.625,4.1,7.8,11.8,3.3,1.2,2.6,1.9,3.5,12.8
169,Donte DiVincenzo,28,MIN,SG,45,9,1188,5.2,12.8,0.406,3.8,9.7,0.392,1.4,3.1,0.452,0.555,1.3,1.6,0.813,0.7,4.4,5.1,5,1.8,0.2,2.2,2.3,15.5
170,Isaiah Hartenstein,26,OKC,C,42,40,1186,6.1,10.6,0.575,0,0.4,0,6.1,10.2,0.598,0.575,1.7,2.6,0.654,3.9,10.6,14.4,5.1,1,1.4,2.2,3.8,13.9
171,Jo0s Valančiū0s,32,2TM,C,60,14,1182,8.4,15.3,0.549,0.2,0.9,0.222,8.1,14.4,0.563,0.556,3.5,4,0.875,4.6,10.1,14.6,3.9,0.9,1.1,3,3.8,20.5
171,Jo0s Valančiū0s,32,WAS,C,49,12,983,8.5,15.5,0.548,0.3,1,0.3,8.2,14.5,0.566,0.558,3.5,3.9,0.897,4.4,10.4,14.8,4,0.8,1,3.2,3.6,20.7
171,Jo0s Valančiū0s,32,SAC,C,11,2,199,8,14.3,0.559,0.2,0.4,0.5,7.8,13.9,0.561,0.566,3.6,4.5,0.8,5.4,8.5,13.9,3.6,1.6,1.6,1.8,5.2,19.7
172,Patrick Williams,23,CHI,PF,45,35,1179,4.4,11.8,0.373,2.2,6.2,0.355,2.3,5.6,0.411,0.466,1.5,2,0.75,1,4.5,5.5,2.8,1,0.8,1.8,1.8,12.5
173,Peyton Watson,22,DEN,SF,49,12,1175,4.3,9.2,0.467,1,2.9,0.345,3.3,6.3,0.524,0.522,2.3,3.2,0.719,1.2,4,5.1,2.2,1.3,1.8,1.3,2.5,11.9
174,Bobby Portis,29,MIL,PF,46,7,1160,8,17.3,0.462,1.9,5.1,0.373,6.1,12.2,0.5,0.517,1.7,2.1,0.81,2.6,9.3,11.9,3.2,1,0.8,1.7,2.7,19.6
175,John Collins,27,UTA,PF,38,29,1158,8.1,15.2,0.533,1.7,4.2,0.405,6.3,11,0.573,0.589,4.1,4.8,0.854,2.5,7.1,9.6,2.4,1.2,1.2,3.1,3.5,22
176,Dalton Knecht,23,LAL,SF,58,12,1157,5.9,12.8,0.461,2.9,8,0.363,3,4.7,0.638,0.574,1.6,2,0.8,0.9,4.4,5.3,1.5,0.7,0.1,0.9,2.2,16.3
177,Nikola Jović,21,MIA,PF,46,10,1156,5.4,11.7,0.462,2.4,6.5,0.369,2.9,5.2,0.558,0.564,2.2,2.7,0.815,0.8,4.8,5.6,4.1,1.2,0.4,1.9,2.6,15.4
178,Ziaire Williams,23,BRK,SF,48,30,1148,4.9,12.2,0.402,2.2,6.6,0.333,2.8,5.6,0.5,0.492,2.6,3.1,0.839,1.6,5.5,7.1,2.1,1.5,0.6,1.5,3.6,14.6
179,Jake LaRavia,23,2TM,PF,57,0,1143,4.2,8.9,0.472,1.5,3.6,0.417,2.7,5.3,0.509,0.556,2.2,3.2,0.688,2.6,4.8,7.3,4.6,1.6,0.7,2.5,3.5,12.1
179,Jake LaRavia,23,MEM,PF,47,0,982,4.3,8.8,0.489,1.5,3.3,0.455,2.9,5.5,0.527,0.574,2.5,3.5,0.714,2.5,5.1,7.5,4.9,1.6,0.7,2.5,3.4,12.6
179,Jake LaRavia,23,SAC,PF,10,0,161,3.4,9.2,0.37,1.8,5.6,0.321,1.6,3.6,0.444,0.467,0.4,1.3,0.308,3.1,2.9,6,2.7,1.6,0.4,2.2,4.5,8.9
180,Clint Capela,30,ATL,C,53,41,1142,6.7,11.9,0.563,0,0,0,6.7,11.8,0.568,0.563,1.6,3.1,0.516,5.3,9,14.2,1.9,1,1.6,1.5,3.3,15
181,Ty Jerome,27,CLE,SG,58,2,1140,7.9,15.6,0.506,2.9,6.5,0.446,5.1,9.1,0.56,0.599,3.4,3.8,0.895,1.4,3.4,4.8,6.1,2.3,0,2.3,2.7,22.1
182,Isaiah Stewart,23,DET,C,57,3,1133,4.3,7.8,0.551,0.4,1.3,0.308,3.9,6.5,0.6,0.577,1.7,2.2,0.773,3.5,6.8,10.2,3,0.6,2.4,1.7,4.5,10.5
183,Moses Moody,22,GSW,SG,55,15,1132,5.7,12.8,0.445,3,7.7,0.39,2.7,5.1,0.529,0.563,2.3,3.1,0.742,1,3.1,4.2,2,1,0.7,1.1,2.6,16.7
184,Isaiah Joe,25,OKC,SG,55,11,1131,5.8,13.3,0.436,4.2,10.5,0.4,1.6,2.8,0.571,0.594,0.7,1,0.7,0.9,3.5,4.4,2.4,1.2,0.3,0.8,2.9,16.5
185,Kevin Huerter,26,2TM,SG,52,16,1122,5.2,12.8,0.406,2.8,8.6,0.326,2.4,4.2,0.571,0.516,0.9,1.2,0.75,0.8,3.8,4.6,3.1,1.5,0.5,1.5,2.8,14
185,Kevin Huerter,26,SAC,SG,43,15,899,5.1,12.4,0.411,2.5,8.2,0.305,2.6,4.2,0.619,0.512,0.8,1.1,0.727,0.8,4,4.8,3,1.4,0.6,1.5,2.8,13.5
185,Kevin Huerter,26,CHI,SG,9,1,223,5.3,14.4,0.368,4,10.2,0.392,1.3,4.2,0.31,0.507,1.1,1.5,0.733,1,2.9,3.9,3.6,1.6,0.2,1.6,2.7,15.8
186,Ja Morant,25,MEM,PG,38,38,1119,8.7,20.2,0.431,1.8,6.3,0.286,6.9,13.9,0.496,0.475,6.4,7.6,0.842,0.7,4.2,5,9,1.5,0.4,4.8,2.7,25.6
187,Javonte Green,31,2TM,SG,52,18,1116,3.4,7.5,0.453,1.3,3.6,0.361,2.1,3.9,0.538,0.54,1.6,2.2,0.727,1.6,4.4,6,1.5,1.8,1,0.9,2.5,9.8
187,Javonte Green,31,NOP,SG,50,18,1092,3.3,7.4,0.446,1.3,3.6,0.361,2,3.8,0.526,0.534,1.6,2.2,0.727,1.6,4.3,5.9,1.5,1.8,1,0.9,2.5,9.5
187,Javonte Green,31,CLE,SG,2,0,24,9,10.5,0.857,3,4.5,0.667,6,6,1,1,1.5,4.5,0.333,1.5,12,13.5,3,0,0,1.5,3,22.5
188,Luka Dončić,25,2TM,PG,32,32,1116,9.4,21,0.448,3.4,9.9,0.343,6,11.1,0.541,0.529,5.6,7.4,0.757,0.8,7.7,8.5,8.2,2,0.5,3.7,2.8,27.6
188,Luka Dončić,25,DAL,PG,22,22,785,9.9,21.4,0.463,3.4,9.7,0.351,6.5,11.6,0.56,0.542,5.1,6.7,0.761,0.7,7.7,8.4,7.9,2,0.4,3.4,2.7,28.4
188,Luka Dončić,25,LAL,PG,10,10,331,8,20.1,0.398,3.2,10.3,0.311,4.9,9.8,0.5,0.478,6.6,9,0.733,1.1,7.7,8.8,8.8,2.1,0.5,4.4,3.2,25.9
189,Daniel Gafford,26,DAL,C,51,28,1115,8.2,11.7,0.701,0,0,0,8.2,11.7,0.701,0.701,3.9,5.6,0.696,4.5,6.8,11.3,2.4,0.7,3.1,2,4.4,20.2
190,Obi Toppin,26,IND,PF,58,0,1112,7.3,13.6,0.537,2.3,6.6,0.348,5,7,0.714,0.621,2.1,2.6,0.808,1.3,6.2,7.5,2.9,1.2,0.6,1.6,2.7,18.9
191,Jimmy Butler,35,2TM,SF,36,36,1107,6.4,12.5,0.512,0.5,1.9,0.263,5.9,10.7,0.551,0.532,6.6,8,0.825,2.7,3.4,6,5.8,1.3,0.4,1.4,1.2,20
191,Jimmy Butler,35,MIA,PF,25,25,766,6.7,12.4,0.54,0.6,1.7,0.353,6.1,10.7,0.57,0.565,6.1,7.6,0.803,2.6,3.6,6.2,5.6,1.3,0.5,1.4,1.1,20
191,Jimmy Butler,35,GSW,SF,11,11,341,5.8,12.9,0.45,0.3,2.2,0.136,5.5,10.7,0.514,0.461,7.9,9,0.878,2.9,3,5.8,6.2,1.5,0.3,1.4,1.4,19.8
192,Sam Hauser,27,BOS,PF,53,12,1095,4.6,10.6,0.434,3.6,9,0.4,1.1,1.5,0.733,0.604,0.1,0.1,1,1.2,4.2,5.4,1.6,1.1,0.3,0.6,2.1,13
193,Gabe Vincent,28,LAL,PG,53,8,1095,3.7,9.5,0.389,2.2,6.7,0.328,1.4,2.8,0.5,0.505,0.3,0.5,0.6,0.4,1.7,2.1,2.5,1.3,0.4,1,3.6,9.9
194,Mason Plumlee,34,PHO,C,61,18,1093,3.2,5.4,0.593,0,0.1,0,3.2,5.3,0.604,0.593,2.1,3.2,0.656,3.2,9.4,12.6,3.9,0.9,1.4,1.6,4.4,8.5
195,Jaime Jaquez Jr.,23,MIA,SF,49,12,1092,5.2,11.8,0.441,0.9,3.1,0.29,4.3,8.7,0.494,0.479,3.1,4,0.775,2,5.4,7.4,4.2,1.7,0.3,2.4,2.3,14.5
196,Luke Ken0rd,28,MEM,SG,49,8,1090,5.3,11.1,0.477,3.1,6.9,0.449,2.2,4.2,0.524,0.617,1.5,1.7,0.882,1,3.6,4.6,5.6,1.1,0.1,1.7,1.4,15.2
197,Brandon Clarke,28,MEM,PF,57,18,1082,6.9,11.2,0.616,0,0.6,0,6.9,10.6,0.651,0.616,1.7,2.4,0.708,3.8,6,9.7,2,1.5,1,1.2,4.4,15.5
198,Cole Anthony,24,ORL,PG,58,20,1068,6.8,16.2,0.42,2.1,6.2,0.339,4.7,10,0.47,0.485,2.8,3.4,0.824,1.4,4.6,6,5.5,1.4,0.8,3.2,4.6,18.6
199,T.J. McConnell,32,IND,PG,58,0,1064,8.5,16.2,0.525,0.4,1.4,0.286,8,14.9,0.537,0.537,1.6,2.1,0.762,1,3.8,4.8,9,2.3,0.5,2.9,2,18.9
200,Jordan Hawkins,22,NOP,SG,45,6,1045,5.8,15.5,0.374,3,9,0.333,2.8,6.5,0.431,0.471,2.3,2.7,0.852,0.7,3.5,4.2,1.8,1,0.7,1.6,1.2,16.7
201,Jeremy Sochan,21,SAS,PF,41,19,1045,6.5,11.9,0.546,0.7,2.1,0.333,5.8,9.7,0.598,0.576,2.2,3.1,0.71,3.3,6.4,9.7,3.6,1.2,0.8,2.3,3.4,16
202,Kevin Porter Jr.,24,2TM,SG,55,2,1043,7.1,16.4,0.433,1,4.1,0.244,6.1,12.3,0.496,0.463,2.3,3.4,0.676,1.1,5.5,6.6,6.2,2,0.4,3.6,2.8,17.6
202,Kevin Porter Jr.,24,LAC,SG,45,2,884,7,16.6,0.422,1.1,4.3,0.256,5.9,12.3,0.48,0.455,2,3.1,0.645,1.2,5.3,6.5,5.9,1.8,0.4,3.4,2.9,17.1
202,Kevin Porter Jr.,24,MIL,SG,10,0,159,7.9,15.6,0.506,0.7,2.9,0.241,7.2,12.7,0.567,0.529,4.3,5.2,0.827,0.7,6.3,7,7.9,3.4,0,4.5,2.3,20.8
203,Nicolas Batum,36,LAC,PF,60,3,1029,2.3,5.9,0.39,1.9,5,0.38,0.4,0.9,0.444,0.551,0.5,0.6,0.833,1.3,4.4,5.7,2.4,1.4,0.9,0.8,3,7.1
204,Sam Merrill,28,CLE,SG,53,2,1016,4.4,11.1,0.396,3.5,9.6,0.365,0.9,1.5,0.6,0.554,1,1,1,1,2.8,3.8,2.7,1.3,0.4,0.8,3.4,13.2
205,Dejounte Murray,28,NOP,PG,31,31,1012,6.9,17.6,0.392,1.8,6.2,0.29,5.1,11.4,0.447,0.443,3.6,4.4,0.818,0.6,6.5,7.1,8.1,2.2,0.4,3.8,2.2,19.3
206,Paolo Banchero,22,ORL,PF,30,30,1012,8.8,20,0.44,1.8,6,0.3,6.9,14,0.493,0.485,6.4,9.1,0.703,1.1,6.3,7.5,5.2,0.8,0.8,3.3,2.3,25.7
207,Matas Buzelis,20,CHI,SF,61,12,1011,5.7,13.2,0.432,2.1,6.3,0.333,3.6,6.9,0.522,0.511,1.9,2.3,0.826,1.5,5.2,6.7,1.7,0.6,1.9,1.6,3.5,15.5
208,Tari Eason,23,HOU,PF,41,7,1008,6.8,14,0.486,1.7,4.6,0.37,5.1,9.3,0.548,0.546,2.1,2.8,0.75,3.3,5.9,9.2,2,2.8,1.3,1.7,3.7,17.4
209,Jalen Suggs,23,ORL,PG,35,35,1002,7.1,17.3,0.41,2.7,8.7,0.31,4.3,8.6,0.5,0.488,3.5,4,0.875,0.8,4.2,5.1,4.6,1.8,1.2,3.7,3.5,20.4
210,Zach Edey,22,MEM,C,48,40,1000,6.6,11.3,0.584,0.6,1.6,0.375,6,9.7,0.619,0.611,2.3,3.2,0.719,5.8,7.6,13.4,1.5,1,2.1,2.4,4.4,16.1
211,Brandon Boston Jr.,23,NOP,SG,42,10,993,6,13.8,0.435,1.8,5.1,0.353,4.2,8.7,0.483,0.5,2.4,3.1,0.774,1,3.8,4.9,3.3,1.9,0.3,1.9,2.6,16.2
212,Kyle Filipowski,21,UTA,C,52,13,992,5.6,10.7,0.523,1.7,4.3,0.395,3.9,6.4,0.609,0.603,2.1,3.3,0.636,2.5,7.5,10,3.6,1,0.3,2.4,4.1,14.8
213,Ron Holland,19,DET,SF,63,1,986,5.4,11.8,0.458,1.1,4.6,0.239,4.3,7.2,0.597,0.504,2.6,3.3,0.788,1.1,4.9,6,2,1.4,0.3,1.9,4.1,14.5
214,Jamal Shead,22,TOR,PG,56,1,981,4.8,11.4,0.421,1.7,5,0.34,3.1,6.4,0.484,0.496,1.1,1.4,0.786,0.5,2,2.5,7.4,1.1,0.2,3.2,4.1,12.4
215,Luke Kornet,29,BOS,C,55,10,981,4.3,6.5,0.662,0,0,0,4.3,6.5,0.662,0.662,1.9,2.5,0.76,4.7,5.4,10.1,3.4,1,2.1,1,3.2,10.5
216,Terance Mann,28,2TM,SG,48,12,977,4.6,9.6,0.479,1.6,3.9,0.41,3,5.7,0.526,0.563,1.1,1.8,0.611,1.8,3.3,5,3.1,1.3,0.5,1.3,3.4,11.8
216,Terance Mann,28,LAC,SG,37,12,732,4.3,9.6,0.448,1.3,3.7,0.351,3,5.9,0.508,0.516,1.1,1.6,0.688,1.6,3.7,5.3,2.9,1.4,0.5,1.2,3.3,11
216,Terance Mann,28,ATL,SG,11,0,245,5.4,9.7,0.557,2.5,4.6,0.543,2.9,5.1,0.569,0.686,1,2.4,0.417,2.4,2.1,4.4,3.7,0.9,0.3,1.6,3.5,14.4
217,Aaron Gordon,29,DEN,PF,36,27,973,6.2,12.1,0.512,1.6,3.9,0.41,4.6,8.2,0.561,0.579,3.2,4,0.8,2.1,4.4,6.5,4.2,0.7,0.3,1.7,2.1,17.2
218,Simone Fontecchio,29,DET,SF,56,0,969,4.2,11,0.382,2.1,6.6,0.318,2.1,4.3,0.488,0.477,2.2,2.7,0.815,1.4,4.8,6.3,1.9,0.9,0.4,1.7,2.6,12.7
219,Cody Martin,29,CHO,SF,39,8,967,4.3,10,0.43,1.5,4.6,0.326,2.8,5.4,0.519,0.505,1.3,1.8,0.722,1.5,5.1,6.6,3.3,1.6,1,1.6,2.7,11.4
220,Ryan Dunn,22,PHO,SF,55,28,965,5,11.6,0.431,1.9,6.2,0.306,3.1,5.4,0.574,0.513,0.4,0.9,0.444,1.9,4.5,6.5,1.6,0.8,1.1,0.9,4.4,12.3
221,Moussa Diabaté,23,CHO,C,52,7,958,4.2,7.1,0.592,0,0.1,0,4.2,7.1,0.592,0.592,1.9,3.3,0.576,5.6,7.4,13,1.7,1.4,1.3,1.7,3.1,10.3
222,Ben Sheppard,23,IND,SG,47,8,956,3.8,8.8,0.432,2.2,6,0.367,1.6,2.7,0.593,0.557,0.7,0.8,0.875,1.2,3.6,4.8,2.2,1.1,0.5,0.6,3.6,10.6
223,Nick Richards,27,2TM,C,43,30,952,5.5,9.3,0.591,0,0.1,0,5.5,9.3,0.591,0.591,3.9,5.3,0.736,4,9.9,14,1.6,0.4,1.7,2.3,4.1,14.9
223,Nick Richards,27,CHO,C,21,9,440,5.2,9.3,0.559,0,0.1,0,5.2,9.2,0.565,0.559,4.8,7.1,0.676,4.2,8.8,12.9,2.3,0.6,2.1,2.7,3.9,15.3
223,Nick Richards,27,PHO,C,22,21,512,5.7,9.4,0.606,0,0.1,0,5.7,9.3,0.613,0.606,3.1,3.8,0.816,3.9,10.9,14.8,1,0.3,1.4,2,4.2,14.5
224,Caleb Martin,29,PHI,SF,31,24,943,3.9,8.9,0.438,1.3,3.3,0.394,2.6,5.5,0.473,0.511,1.8,2.8,0.643,1.6,3.6,5.2,2.6,1.3,0.8,1.6,2.4,10.7
225,Brice Sensabaugh,21,UTA,SF,51,6,932,6.8,15.5,0.439,3.4,9.3,0.366,3.4,6.2,0.548,0.548,1.7,1.9,0.895,1.2,3.9,5.1,2.6,1,0.2,2.8,2.9,18.8
226,Ben Simmons,28,2TM,PG,38,24,931,4.1,7.5,0.547,0,0,0,4.1,7.5,0.547,0.547,0.9,1.3,0.692,1.4,6.3,7.7,9.8,1.3,0.7,3.5,3.6,9.2
226,Ben Simmons,28,BRK,PG,33,24,825,4.1,7.4,0.554,0,0,0,4.1,7.4,0.554,0.554,0.8,1.1,0.727,1.3,6.2,7.5,10,1.1,0.7,3.8,3.5,8.9
226,Ben Simmons,28,LAC,PG,5,0,106,4.8,8.2,0.585,0,0,0,4.8,8.2,0.585,0.585,2,2.4,0.833,2,6.8,8.8,8.5,2.4,1,0.7,3.7,11.5
227,Kristaps Porziņģis,29,BOS,C,32,32,926,8,16.9,0.473,3,7.4,0.405,5,9.5,0.526,0.562,4.5,5.6,0.804,1.9,6.5,8.4,2.4,1,2,1.5,3.5,23.6
228,Tyrese Martin,25,BRK,SG,44,6,924,5.1,12.6,0.405,2.6,7.7,0.338,2.5,4.9,0.51,0.508,1.3,1.7,0.765,1.8,4.4,6.2,2.8,0.9,0.2,2.1,1.8,14.1
229,Brandon Miller,22,CHO,SF,27,27,924,7.7,19.1,0.403,4.1,11.4,0.36,3.7,7.7,0.481,0.51,2.6,3.1,0.839,1,4.1,5.1,3.8,1.1,0.8,3,2.9,22.1
230,Dean Wade,28,CLE,PF,42,26,921,3.2,8,0.4,2.2,6.5,0.338,1,1.5,0.667,0.538,0.5,1,0.5,1.6,6.2,7.9,2.4,1.3,0.7,0.7,3.2,9.2
231,Trey Lyles,29,SAC,PF,50,2,920,4.2,10.3,0.408,2.3,6.7,0.343,1.9,3.6,0.528,0.519,1.4,1.9,0.737,2.1,6.7,8.8,2.1,1.1,0.8,1.1,2.3,12.1
232,Nick Smith Jr.,20,CHO,SG,42,23,915,5.6,14.7,0.381,2.5,8,0.313,3.1,6.6,0.47,0.466,0.7,0.8,0.875,0.4,2.9,3.3,3.4,0.6,0.2,2.1,2.1,14.4
233,Jose Alvarado,26,NOP,PG,39,11,914,5,12.5,0.4,3,8,0.375,2,4.5,0.444,0.52,1.5,1.8,0.833,0.7,3,3.7,6.7,2.1,0.4,1.6,2.8,14.5
234,Trayce Jackson-Davis,24,GSW,C,51,37,912,6.4,11.1,0.577,0,0,0,6.4,11.1,0.577,0.577,2.1,3.4,0.618,4.3,7.1,11.4,3.8,0.9,1.4,1.6,2.7,14.8
235,Andre Jackson Jr.,23,MIL,SG,55,43,898,3.4,7.3,0.466,1.2,2.9,0.414,2.2,4.4,0.5,0.548,0.4,0.7,0.571,2.3,4.3,6.6,3,1.2,0.5,2.1,4.2,8.4
236,Jaden Ivey,22,DET,SG,30,30,898,7.6,16.6,0.458,2.5,6.2,0.403,5.1,10.4,0.49,0.533,3.4,4.7,0.723,1.6,3.4,5,4.8,1.1,0.4,3.6,2.7,21.2
237,Ausar Thompson,22,DET,SF,41,30,896,6.8,12.2,0.557,0.3,1.3,0.231,6.5,10.9,0.596,0.57,2.1,3.6,0.583,2.9,5.3,8.2,3.9,3.1,0.8,2.2,4.4,16.1
238,Kevon Looney,28,GSW,C,57,6,895,4.7,9.4,0.5,0,0.1,0,4.7,9.3,0.505,0.5,1.8,3.2,0.563,6.3,8.8,15.2,3.9,1.5,1.1,1.3,5.1,11.3
239,Jo0than Isaac,27,ORL,PF,55,0,894,4.5,11,0.409,1.4,5.4,0.259,3.1,5.6,0.554,0.473,2.2,3.3,0.667,3.9,6.7,10.7,1.1,1.8,2.5,0.9,3,12.6
240,Kel'el Ware,20,MIA,C,44,18,894,6.5,11.8,0.551,1.1,3.2,0.344,5.4,8.7,0.621,0.597,1.4,1.9,0.737,2.8,8.6,11.4,1.6,1,1.9,1.5,2.6,15.4
241,Jarace Walker,21,IND,PF,57,2,888,4.7,10.3,0.456,1.9,5.1,0.373,2.8,5.1,0.549,0.549,1.5,2.4,0.625,0.9,6,6.9,3.2,1.9,0.9,2.4,3.6,12.8
242,Tidjane Salaün,19,CHO,PF,46,8,878,3.1,9.9,0.313,1.6,5.9,0.271,1.4,4,0.35,0.394,1.8,2.5,0.72,2.2,5.7,7.9,1.9,1,0.5,1.7,2.3,9.6
243,Jo0than Mogbo,23,TOR,PF,49,11,877,4.1,9.2,0.446,0.6,1.9,0.316,3.6,7.3,0.493,0.478,1.8,2.6,0.692,3.2,5.1,8.3,3.3,1.6,1,1.8,4.2,10.7
244,Precious Achiuwa,25,NYK,C,39,8,877,4.7,9.1,0.516,0.4,1.2,0.333,4.4,7.9,0.557,0.538,1.3,2.1,0.619,3.4,6.4,9.9,1.7,1.4,1.3,1.3,2.5,11.1
245,Bogdan Bogdanović,32,2TM,SG,34,3,873,5.3,13.8,0.384,2.8,8.8,0.318,2.5,5,0.5,0.486,1.6,1.9,0.842,0.6,3,3.6,3.3,1.2,0.3,2.1,3.5,14.9
245,Bogdan Bogdanović,32,ATL,SG,24,0,598,5,13.5,0.37,2.6,8.8,0.295,2.3,4.7,0.489,0.467,1.8,2,0.9,0.7,3.3,4,2.9,1.2,0.4,2.2,3.4,14.4
245,Bogdan Bogdanović,32,LAC,SG,10,3,275,5.9,14.4,0.41,3,8.8,0.341,2.9,5.6,0.518,0.514,1,1.4,0.714,0.3,2.5,2.7,4.1,1,0.3,2,3.5,15.8
246,Chris Boucher,32,TOR,PF,50,0,862,7.6,15.5,0.49,2.9,8.1,0.358,4.7,7.4,0.635,0.584,2.8,3.6,0.778,2.9,6.4,9.4,1.4,1,1,1.2,2.8,21
247,Ja'Kobe Walter,20,TOR,SG,43,10,860,5,12.4,0.403,1.8,5.7,0.316,3.3,6.8,0.485,0.476,2,2.7,0.741,1.7,3.4,5.1,2.3,1.3,0.3,1.7,3.3,13.8
248,Noah Clowney,20,BRK,PF,37,18,853,4.7,12.6,0.373,3.1,8.8,0.352,1.6,3.8,0.421,0.496,2.2,2.5,0.88,1.5,4.6,6.1,1.3,0.8,0.8,1.6,3.7,14.7
249,Jordan Clarkson,32,UTA,SG,32,9,852,7.6,18.7,0.406,3.2,8.8,0.364,4.4,9.9,0.444,0.492,4,5,0.8,0.9,3.4,4.4,5.2,1.1,0.3,2.8,2.1,22.4
250,Jalen Smith,24,CHI,C,55,1,841,7,14.9,0.47,2.9,8.3,0.349,4.1,6.5,0.631,0.567,2.8,3.4,0.824,3.3,9.8,13.2,2.3,0.6,1.7,1.5,3.8,19.6
251,Donovan Clingan,20,POR,C,49,19,835,5.1,9.3,0.548,0.3,1,0.3,4.8,8.2,0.585,0.565,1.7,2.8,0.607,5.9,8.8,14.6,1.8,1,3.3,2.5,5.7,12.3
252,Jo0than Kuminga,22,GSW,PF,32,10,832,8.4,18.3,0.459,1.7,5,0.34,6.7,13.3,0.504,0.505,4.7,7.3,0.644,1.9,5,6.9,3,1.3,0.8,2.2,2.6,23.2
253,Jeremiah Robinson-Earl,24,NOP,PF,48,6,831,4.5,9.8,0.459,1.6,4.6,0.348,2.9,5.2,0.558,0.541,1.4,1.6,0.875,3.3,5.9,9.2,2.3,1.3,0.3,1.3,2.4,11.9
254,Julian Phillips,21,CHI,SF,61,3,828,4,9.2,0.435,1.6,5,0.32,2.4,4.2,0.571,0.522,2,2.7,0.741,2.2,3.1,5.3,1,1.1,0.7,1,3.6,11.7
255,Max Strus,28,CLE,SF,33,20,827,4.5,10.7,0.421,3.3,8.6,0.384,1.3,2.1,0.619,0.575,0.5,0.6,0.833,1.3,4.7,6.1,4.5,0.9,0.4,1.3,3.1,12.8
256,Vit Krejci,24,ATL,PG,39,15,811,4.3,9.5,0.453,2.5,6.5,0.385,1.8,3.1,0.581,0.584,0.9,1.3,0.692,0.7,4.1,4.7,4.7,1.2,0.8,1.6,3.3,11.9
257,Johnny Juzang,23,UTA,SG,45,10,810,5.4,12.8,0.422,3.4,9.1,0.374,2,3.7,0.541,0.555,1.4,1.7,0.824,1.3,4.1,5.5,1.9,0.9,0.3,0.9,3.9,15.7
258,Cameron Payne,30,NYK,PG,56,1,797,6.2,15.1,0.411,3.3,9,0.367,2.9,6.1,0.475,0.52,1.9,2.1,0.905,0.5,3.1,3.6,6.7,1.5,0.5,1.6,3.9,17.6
259,Justin Champagnie,23,WAS,SF,42,15,777,5.7,11.2,0.509,2.1,5.5,0.382,3.6,5.7,0.632,0.603,1.6,2.3,0.696,2.9,6.1,9,1.8,1.7,1.2,1.7,3.3,15
260,Lonzo Ball,27,CHI,PG,35,14,777,4.1,11.3,0.363,3.1,9,0.344,1,2.2,0.455,0.5,1,1.3,0.769,1.2,4.3,5.5,5.3,2.2,0.8,1.9,2.5,12.4
261,Garrison Mathews,28,ATL,SG,44,2,776,4.5,11.2,0.402,3.7,9.5,0.389,0.7,1.7,0.412,0.567,2.9,3.6,0.806,0.6,3.2,3.8,2.6,1.2,0.6,1.3,3.6,15.5
262,Mark Williams,23,CHO,C,30,27,771,8.5,14.6,0.582,0,0,0,8.5,14.6,0.582,0.582,4.6,5.9,0.78,4.3,9.5,13.8,3.2,0.9,1.7,1.7,3.5,21.7
263,Eric Gordon,36,PHI,SG,39,13,768,4.1,9.6,0.427,2.6,6.4,0.406,1.5,3.1,0.484,0.563,1.7,2.3,0.739,0.4,1.8,2.2,3,1.2,0.6,1.3,1.5,12.5
264,Dereck Lively II,20,DAL,C,32,25,768,5.8,8.3,0.699,0,0,0,5.8,8.3,0.699,0.699,2.1,3.2,0.656,4.6,7.1,11.8,3.9,0.8,2.5,1.8,4.4,13.7
265,Jaxson Hayes,24,LAL,C,40,19,766,4.9,6.9,0.71,0,0.1,0,4.9,6.8,0.721,0.71,2.2,3,0.733,2.6,5.9,8.6,2,1,1.9,1.5,4.4,12.1
266,Vasilije Micić,31,2TM,PG,37,16,766,4.5,12.8,0.352,2.1,5.9,0.356,2.3,7,0.329,0.434,1.6,1.9,0.842,0.9,3.1,4.1,6,0.7,0,3.5,2.1,12.6
266,Vasilije Micić,31,CHO,PG,36,16,764,4.5,12.9,0.349,2.1,5.9,0.356,2.4,7,0.343,0.43,1.6,1.9,0.842,0.9,3.2,4.1,6,0.7,0,3.5,2.1,12.7
266,Vasilije Micić,31,PHO,PG,1,0,2,0,0,0,0,0,0,0,0,0,0,0,0,0,0,0,0,0,0,0,0,0,0
267,Dalano Banton,25,POR,PG,50,0,762,6.9,16.3,0.423,2.6,7.2,0.361,4.3,9.1,0.473,0.503,3.1,4.4,0.705,0.9,3.7,4.5,5,1.5,1.1,3,1.9,19.6
268,Cody Williams,20,UTA,SG,37,12,761,2.7,8.3,0.325,1.1,4,0.275,1.6,4.3,0.372,0.392,1.3,1.7,0.765,1.1,2.8,3.9,2.4,0.9,0.5,1.6,3.3,7.9
269,Seth Curry,34,CHO,SG,51,9,744,5.7,12.1,0.471,3,6.6,0.455,2.7,5.5,0.491,0.595,1,1.2,0.833,1.1,3,4.1,1.6,1.1,0.3,1.1,2.2,15.3
270,Ricky Council IV,23,PHI,SF,53,4,742,5.2,13.1,0.397,1.7,5.9,0.288,3.5,7.2,0.486,0.462,3.3,4,0.825,1.7,3.8,5.5,3,1.2,0.3,1.4,1.9,15.4
271,Alex Caruso,30,OKC,SG,39,1,739,4.4,10.5,0.419,2.1,6.2,0.339,2.3,4.3,0.535,0.519,0.7,0.8,0.875,1.4,3.9,5.3,5,3.2,0.9,1.2,3.6,11.5
272,Kris Murray,24,POR,SF,53,2,727,4.4,9.7,0.454,1,3.9,0.256,3.4,5.7,0.596,0.505,0.8,2.1,0.381,2.7,3.3,6,2.3,1.1,0.6,1.3,2.3,10.7
273,Kenrich Williams,30,OKC,PF,50,1,722,5.5,11.2,0.491,2.2,5.7,0.386,3.3,5.5,0.6,0.589,0.8,0.9,0.889,2.3,5.7,8.1,3,1.5,0.3,1.4,3.6,14
274,Andre Drummond,31,PHI,C,38,21,715,5.7,11.2,0.509,0.2,0.9,0.222,5.5,10.3,0.534,0.518,2.7,4.4,0.614,5.3,9.9,15.2,1.7,2,0.8,2.8,4.6,14.2
275,Jusuf Nurkić,30,2TM,C,32,26,714,4.6,10.3,0.447,1.1,3.8,0.289,3.5,6.5,0.538,0.5,3,4.4,0.682,3,11.2,14.2,3.6,1.6,1.2,3.5,4.5,13.3
275,Jusuf Nurkić,30,PHO,C,25,23,592,4.5,9.9,0.455,1.2,3.6,0.333,3.3,6.3,0.524,0.515,2.9,4.2,0.69,2.8,11.1,13.9,2.9,1.4,1,3.5,4.7,13.1
275,Jusuf Nurkić,30,CHO,C,7,3,122,5,12.1,0.413,0.6,5,0.12,4.4,7.1,0.62,0.438,3.5,5.3,0.66,4.1,11.5,15.6,7.4,2.4,2.1,3.5,3.5,14.2
276,Dalen Terry,22,CHI,SG,56,3,711,4.3,9.3,0.462,1.1,3.4,0.324,3.1,5.9,0.525,0.522,1.9,2.8,0.679,1.5,2.6,4.2,3.4,1.4,0.7,1.9,4.2,11.5
277,Zion Williamson,24,NOP,PF,25,25,711,12.2,21.6,0.565,0.2,0.7,0.286,12.1,21,0.576,0.569,6.6,10.3,0.641,3.4,5.9,9.4,6.5,1.6,1.2,3.7,3.4,31.2
278,Day'Ron Sharpe,23,BRK,C,40,1,707,6.8,12.9,0.527,0.5,1.8,0.278,6.3,11.1,0.568,0.547,2.6,3.4,0.765,6.1,7.1,13.1,3.5,1.7,1.7,2.7,5,16.6
279,Justin Edwards,21,PHI,SF,29,11,707,4.8,10.1,0.475,2.1,5.7,0.368,2.6,4.4,0.591,0.579,0.7,1.1,0.636,1.5,3.2,4.6,2,1.2,0.4,1.3,3.4,12.4
280,Shake Milton,28,2TM,SG,46,1,705,5,10.7,0.467,1.8,4.9,0.367,3.2,5.8,0.552,0.551,2,2.6,0.769,1.2,3.2,4.4,4.6,1,0.2,1.7,2.9,13.9
280,Shake Milton,28,BRK,SG,27,1,492,5.3,11.5,0.461,2,5.3,0.377,3.3,6.2,0.532,0.548,1.8,2.4,0.75,1.2,2.6,3.7,4.7,1.1,0.1,1.5,3.1,14.6
280,Shake Milton,28,LAL,SG,19,0,213,4.2,9,0.467,1.4,4.1,0.341,2.9,4.9,0.592,0.544,2.5,2.9,0.862,1.4,4.6,5.9,4.4,0.8,0.3,2.2,2.4,12.3
281,Neemias Queta,25,BOS,C,49,6,700,5.5,8.6,0.64,0,0.2,0,5.5,8.5,0.647,0.64,1.8,2.5,0.72,3.7,6,9.7,1.7,0.8,1.7,1.5,4.6,12.8
282,Jaden Hardy,22,DAL,SG,46,3,697,6.9,16.2,0.426,3,7.8,0.385,3.9,8.4,0.464,0.519,2.1,3.2,0.656,0.4,3.3,3.7,3.3,1.1,0.3,3.3,3.7,19
283,Cam Whitmore,20,HOU,SF,40,1,691,7.3,17.5,0.417,2.7,8.1,0.333,4.7,9.4,0.5,0.494,2.3,3.2,0.719,1.6,5.2,6.7,1.9,1.4,0.6,1.9,2.1,19.6
284,Isaac Okoro,24,CLE,SG,36,18,690,3.8,8.7,0.437,2,5.1,0.392,1.8,3.6,0.5,0.552,1.1,1.5,0.733,1.5,2.7,4.2,2.7,1.1,0.8,0.7,3.6,10.7
285,Kyle Anderson,31,2TM,PF,46,4,690,4.8,10.8,0.444,1.1,3,0.367,3.7,7.8,0.474,0.495,1.6,2.3,0.696,2.1,5.6,7.8,5.4,1.5,1.3,1.3,2.9,12.3
285,Kyle Anderson,31,GSW,PF,36,3,541,5.1,11.2,0.455,1.3,3.5,0.371,3.8,7.8,0.487,0.513,1.2,1.8,0.667,1.8,5.5,7.3,5.4,1.7,1.3,1.3,2.7,12.6
285,Kyle Anderson,31,MIA,SF,10,1,149,3.9,9.2,0.424,0.5,1.2,0.417,3.4,8,0.425,0.451,3.1,4.3,0.721,3.4,6,9.4,5.3,0.7,1,1.2,3.6,11.4
286,Gary Payton II,32,GSW,SG,50,10,688,6.6,11.7,0.564,0.9,3.6,0.25,5.7,8.1,0.704,0.603,1.3,1.8,0.722,2.3,5.4,7.7,3.5,1.8,0.7,1.6,4.4,15.4
287,Cam Thomas,23,BRK,SG,22,20,688,9.1,20.5,0.444,3.1,8.7,0.356,6,11.7,0.513,0.52,6.5,7.4,0.878,0.6,3.2,3.9,4.1,0.7,0.1,2.9,2.1,27.8
288,Lindy Waters III,27,2TM,SG,44,9,684,4.2,11.4,0.368,2.7,8.4,0.321,1.5,3.1,0.484,0.487,0.4,0.6,0.667,0.9,4.3,5.2,2.3,1.3,0.5,0.9,3.1,11.6
288,Lindy Waters III,27,GSW,SG,38,9,655,4.2,11.3,0.372,2.7,8.1,0.333,1.5,3.1,0.484,0.491,0.4,0.6,0.667,0.9,4.5,5.3,2.3,1.2,0.5,0.9,3,11.5
288,Lindy Waters III,27,DET,SG,6,0,29,5,14.9,0.336,3.7,13.7,0.27,1.2,1.2,1,0.46,0,0,0,1.2,0,1.2,1.2,2.5,0,1.2,3.7,13.7
289,Khris Middleton,33,2TM,SF,29,13,681,7,14.1,0.496,2.1,5.6,0.375,4.9,8.5,0.576,0.571,3.1,3.6,0.861,0.4,5.5,5.9,6.8,1.4,0.4,2.5,3.5,19.2
289,Khris Middleton,33,MIL,SF,23,7,534,7.3,14.2,0.514,2.4,5.8,0.414,4.9,8.4,0.583,0.599,2.6,3.1,0.839,0.3,5.4,5.7,6.9,1.1,0.3,2.5,3.5,19.6
289,Khris Middleton,33,WAS,SF,6,6,147,6.1,13.5,0.452,1.2,4.7,0.255,4.9,8.8,0.557,0.496,4.7,5.4,0.87,0.5,5.9,6.4,6.6,2.4,0.7,2.7,3.4,18.1
290,Thomas Bryant,27,2TM,C,45,5,680,6.4,12,0.533,1.9,5.2,0.365,4.5,6.8,0.662,0.613,1.7,2.1,0.81,3.5,6.4,9.8,2.5,1.1,1.3,1.2,2.6,16.3
290,Thomas Bryant,27,MIA,C,10,0,115,3.8,8.8,0.432,1.9,5.3,0.358,1.9,3.4,0.559,0.54,3.4,3.4,1,1.9,8.1,10,1.3,0.3,2.8,0.6,2.8,12.8
290,Thomas Bryant,27,IND,C,35,5,565,6.9,12.7,0.543,1.8,5.2,0.346,5,7.5,0.667,0.614,1.4,1.8,0.778,3.8,6,9.8,2.8,1.2,1,1.3,2.6,17
291,KJ Martin,24,2TM,PF,32,13,680,4.7,7.7,0.61,0.7,2,0.35,4,5.7,0.702,0.656,1.5,2.1,0.714,1.4,3.9,5.2,1.5,0.8,1,1,4,11.5
291,KJ Martin,24,PHI,PF,24,7,480,4.6,7.4,0.622,0.6,1.6,0.375,4,5.9,0.678,0.662,1.8,2.2,0.818,1.6,3.8,5.4,1.4,0.8,1.2,0.9,4.6,11.5
291,KJ Martin,24,UTA,SF,8,6,200,4.9,8.5,0.576,0.9,3.1,0.29,4,5.4,0.741,0.629,0.9,1.8,0.5,0.9,4,4.9,1.6,0.7,0.5,1.3,2.5,11.5
292,Tre Jones,25,2TM,PG,39,2,670,4.5,8.8,0.511,0.7,2,0.35,3.8,6.7,0.567,0.551,2.4,2.9,0.828,1.2,3.4,4.6,7.5,1.5,0.4,1.5,2.3,12.1
292,Tre Jones,25,SAS,PG,28,0,450,3.6,7.4,0.486,0.6,2.1,0.286,3,5.4,0.556,0.527,2,2.6,0.769,1.2,3.4,4.6,8.3,1.4,0.4,1.7,2.6,9.8
292,Tre Jones,25,CHI,PG,11,2,220,6.4,11.5,0.557,0.8,2,0.4,5.6,9.5,0.589,0.591,3.1,3.4,0.912,1.3,3.3,4.6,5.7,1.5,0.3,1,1.5,16.7
293,Drew Eubanks,27,2TM,C,46,4,657,5.5,9.3,0.591,0.2,0.3,0.667,5.3,8.9,0.596,0.602,2.2,3.5,0.629,2.8,7.7,10.5,2.6,0.6,1.9,1.8,2.8,13.4
293,Drew Eubanks,27,UTA,C,37,4,568,5.6,9.2,0.609,0.2,0.3,0.667,5.4,8.9,0.607,0.62,2.3,3.6,0.639,2.5,8.1,10.6,2.9,0.6,2,2,2.9,13.6
293,Drew Eubanks,27,LAC,C,9,0,89,4.9,9.7,0.505,0,0.4,0,4.9,9.3,0.527,0.505,2,2.4,0.833,4.4,5.3,9.7,1.2,0.4,1.2,0.8,2,11.7
294,Immanuel Quickley,25,TOR,PG,23,23,654,6.8,16.2,0.42,3,7.9,0.38,3.9,8.3,0.47,0.512,4.3,5,0.86,0.4,3.7,4.1,6.9,0.6,0.2,2.3,2.6,20.9
295,Herbert Jones,26,NOP,SF,20,20,648,4.2,9.6,0.438,1.2,4,0.3,2.9,5.6,0.518,0.5,1.8,2.2,0.818,1.2,3.1,4.3,3.6,2.1,0.5,1.9,3.7,11.4
296,Zach Collins,27,2TM,PF,45,10,645,5.6,11.4,0.491,1.1,4,0.275,4.5,7.4,0.608,0.539,3,3.5,0.857,3.7,5.9,9.5,4.1,1.3,1.1,2,5.3,15.4
296,Zach Collins,27,SAS,C,36,4,425,5.2,11.2,0.464,1.2,3.9,0.308,4,7.3,0.548,0.518,2.6,3,0.867,3.2,5.3,8.6,4.4,1.2,1.3,1.9,5.9,14.1
296,Zach Collins,27,CHI,PF,9,6,220,6.5,11.9,0.546,1,4.3,0.233,5.6,7.7,0.727,0.588,3.8,4.4,0.864,4.6,6.9,11.5,3.4,1.5,0.8,2,4.1,17.8
297,Alec Burks,33,MIA,SG,36,4,637,4.1,10,0.41,3.1,7.3,0.425,1,2.7,0.37,0.565,1.8,2.3,0.783,0.7,4.7,5.5,2.3,1.2,0.3,0.9,1.5,12.9
298,Maxi Kleber,33,DAL,PF,34,4,637,2.1,5.4,0.389,0.7,2.8,0.25,1.4,2.7,0.519,0.454,0.9,1.2,0.75,1.4,4,5.4,2.4,0.5,1,1.3,3.7,5.8
299,Marcus Sasser,24,DET,PG,47,0,636,5.8,12.6,0.46,2.4,6.6,0.364,3.4,5.9,0.576,0.556,1.5,1.8,0.833,0.8,2.2,3,5.9,1.6,0.2,2.3,3.5,15.6
300,Kyle Lowry,38,PHI,PG,33,12,623,2.3,6.4,0.359,1.6,4.8,0.333,0.6,1.6,0.375,0.484,1.6,1.9,0.842,0.6,3.1,3.8,5.4,1.8,0.6,1.2,3.5,7.7
301,Daniel Theis,32,NOP,C,38,9,621,3.5,7.5,0.467,0.5,2.1,0.238,3,5.3,0.566,0.5,1.8,2.1,0.857,2.6,7,9.5,3.5,1,1.2,1.4,4.1,9.4
302,Oso Ighodaro,22,PHO,PF,44,2,609,3.7,6.4,0.578,0,0.1,0,3.7,6.3,0.587,0.578,1.1,2.1,0.524,2.1,5.9,7.9,2.4,1.1,0.9,1.4,3.7,8.5
303,Aaron Nesmith,25,IND,SF,26,18,609,5.6,11.3,0.496,2.2,5.8,0.379,3.4,5.5,0.618,0.593,2.4,2.7,0.889,1.1,4.7,5.7,2.1,0.9,0.7,1.2,3.9,15.9
304,Jett Howard,21,ORL,SF,52,0,599,4.9,13.3,0.368,2.9,9.6,0.302,1.9,3.7,0.514,0.477,0.9,1.2,0.75,1.2,2.5,3.7,2.4,0.8,0.6,1.6,3.3,13.6
305,Brandon Ingram,27,NOP,SF,18,18,595,9.4,20.1,0.468,2.6,7,0.371,6.8,13.2,0.515,0.532,2.8,3.3,0.848,1,5,6.1,5.6,1,0.7,4.2,2.7,24.2
306,Jared McCain,20,PHI,SG,23,8,592,7.7,16.7,0.461,3.1,8.1,0.383,4.6,8.6,0.535,0.554,3,3.4,0.882,0.8,2.6,3.4,3.6,0.9,0,2.3,2.3,21.4
307,Olivier-Maxence Prosper,22,DAL,PF,52,4,584,4.3,10.7,0.402,0.7,3.1,0.226,3.6,7.6,0.474,0.435,3,4.7,0.638,2.7,5.1,7.8,2.5,1.6,0.4,0.9,1.7,12.4
308,Jay Huff,26,MEM,C,49,1,580,7.4,14.3,0.517,4,9.5,0.421,3.5,4.8,0.729,0.657,2.3,3,0.767,1.4,4.7,6.1,1.9,0.7,2.6,1.7,3.8,21.2
309,Joel Embiid,30,PHI,C,19,19,574,8.8,19.8,0.444,1.4,4.8,0.292,7.3,14.9,0.49,0.48,9.3,10.6,0.877,2.3,7.5,9.7,5.3,0.9,1.1,3.9,2.6,28.3
310,Aaron Holiday,28,HOU,PG,46,3,571,4.9,11.5,0.426,2.7,7.4,0.365,2.1,4.1,0.512,0.543,1.6,1.9,0.842,0.6,2.9,3.5,3.5,1.1,0.4,1.7,3.1,14.1
311,Kawhi Leo0rd,33,LAC,SF,20,20,569,9,19.4,0.464,2.3,6.2,0.371,6.7,13.2,0.508,0.523,2.5,3.2,0.781,1.2,5.1,6.3,3.4,1.5,0.6,2.7,1.8,22.9
312,Moritz Wagner,27,ORL,C,30,1,564,8.9,15.9,0.56,1.7,4.8,0.354,7.2,11.1,0.649,0.613,5,7,0.714,2.6,6.9,9.4,2.7,1.5,0.8,3.1,3.5,24.6
313,Malcolm Brogdon,32,WAS,PG,24,13,564,6.6,15.3,0.431,1,3.6,0.278,5.6,11.7,0.479,0.464,5.2,5.9,0.881,1.3,4.5,5.8,6.3,0.8,0.3,2.4,1.9,19.5
314,Ajay Mitchell,22,OKC,SG,34,1,561,5.4,10.7,0.505,1.4,3.3,0.424,4,7.4,0.541,0.57,1.8,2.1,0.857,1.1,3.2,4.3,3.7,1.5,0.2,1.8,3.8,14
315,Cam Reddish,25,LAL,SF,31,8,560,2.4,5.5,0.436,0.8,2.9,0.276,1.5,2.6,0.577,0.509,1,1.7,0.588,1,3,4,1.4,2,0.6,0.8,2.8,6.6
316,Kelly Olynyk,33,2TM,C,31,9,557,5.6,11.3,0.496,1.7,3.8,0.447,3.9,7.5,0.52,0.571,3.3,4.2,0.786,2.7,6.6,9.3,5,1.2,0.7,3.1,5.2,16.2
316,Kelly Olynyk,33,TOR,C,24,2,383,5.5,11.1,0.495,1.8,4,0.45,3.8,7,0.543,0.577,3.2,4,0.8,2.3,6,8.4,5.3,1.5,0.8,3.3,5.5,16.1
316,Kelly Olynyk,33,NOP,C,7,7,174,5.8,11.8,0.492,1.4,3.3,0.424,4.3,8.5,0.506,0.551,3.5,4.6,0.761,3.5,7.9,11.4,4.3,0.6,0.6,2.7,4.3,16.6
317,Bruce Brown,28,2TM,PG,27,1,557,4.8,12,0.4,0.8,3.2,0.25,4,8.8,0.455,0.433,2.3,2.7,0.852,1.7,5,6.7,2.9,1.8,0.2,1.6,2.9,12.8
317,Bruce Brown,28,TOR,PG,18,0,353,5.8,13.4,0.433,1.1,3.7,0.297,4.7,9.7,0.485,0.474,2.7,3,0.9,1.7,5.2,6.9,2.9,1.7,0.3,1.9,2.7,15.4
317,Bruce Brown,28,NOP,PG,9,1,204,3.2,9.7,0.33,0.4,2.5,0.16,2.8,7.2,0.389,0.351,1.6,2.3,0.696,1.8,4.6,6.4,3,1.9,0,1.1,3.4,8.3
318,Jericho Sims,26,2TM,C,47,5,548,2.6,4.1,0.634,0,0,0,2.6,4.1,0.634,0.634,0.5,0.9,0.556,4,6.9,10.9,1.8,0.5,0.9,2,3.8,5.6
318,Jericho Sims,26,NYK,C,39,5,422,2.4,3.9,0.615,0,0,0,2.4,3.9,0.615,0.615,0.7,1.1,0.636,4.4,6.7,11,1.9,0.7,0.9,1.8,3.9,5.5
318,Jericho Sims,26,MIL,C,8,0,126,3.1,4.6,0.674,0,0,0,3.1,4.6,0.674,0.674,0,0,0,2.9,7.7,10.6,1.4,0,1.1,2.6,3.4,6.3
319,Steven Adams,31,HOU,C,44,2,543,4,7.8,0.513,0,0.1,0,4,7.8,0.513,0.513,2.1,4.6,0.457,7.5,7.1,14.6,3.5,0.9,1.3,2.5,2.8,10
320,Reed Sheppard,20,HOU,PG,45,1,536,4.4,13.2,0.333,2.1,7.5,0.28,2.3,5.7,0.404,0.413,0.9,1.1,0.818,1.1,3.2,4.2,3.6,1.9,1,1.9,2.8,11.7
321,Jabari Walker,22,POR,SF,46,1,532,5.5,10.5,0.524,1.2,3.5,0.343,4.3,7,0.614,0.581,2.2,3.3,0.667,2.7,7.6,10.4,2,1.8,0.4,1.6,4.4,14.3
322,Talen Horton-Tucker,24,CHI,SG,45,0,532,6.6,14.8,0.446,2.4,6.4,0.375,4.3,8.4,0.512,0.527,2.6,3.7,0.703,1,4.4,5.4,4.2,1.1,0.7,2.2,3.2,18.2
323,Jaylin Williams,22,OKC,PF,33,5,530,4.1,10.3,0.398,2.4,7.2,0.333,1.7,3.1,0.548,0.515,0.8,0.9,0.889,2.6,9.3,11.9,5,0.9,1.4,1.4,3.6,11.5
324,DeAndre Jordan,36,DEN,C,46,2,528,4.7,7.2,0.653,0,0,0,4.7,7.2,0.653,0.653,1,2.5,0.4,4.4,10.2,14.6,2.5,0.8,1.4,2.3,3.8,10.4
325,Monte Morris,29,PHO,PG,40,0,522,4.8,11.8,0.407,1.5,5,0.3,3.2,6.8,0.471,0.47,2.3,2.8,0.821,0.7,3.2,3.9,4.6,1.2,0.2,1.2,1.4,13.4
326,Marcus Smart,30,2TM,PG,25,6,516,5.2,13.3,0.391,2.6,7.8,0.333,2.6,5.5,0.473,0.489,2.7,3.2,0.844,1,2.7,3.8,5.9,2.1,0.4,3.1,3,15.6
326,Marcus Smart,30,MEM,PG,19,6,400,4.8,13.3,0.361,2.6,8.1,0.321,2.2,5.2,0.423,0.459,2.7,3.2,0.844,1.3,2.6,3.9,6.4,2.1,0.5,3.2,2.8,14.9
326,Marcus Smart,30,WAS,PG,6,0,116,6.5,13.3,0.489,2.5,6.8,0.368,4,6.5,0.615,0.583,2.5,3.1,0.806,0.3,3.1,3.4,4,2.2,0,3.1,3.7,18
327,Gui Santos,22,GSW,PF,38,1,510,3.9,8.4,0.464,1.8,4.9,0.367,2.1,3.5,0.6,0.571,1.4,1.9,0.737,3.2,4.6,7.8,3.8,1.3,0.5,1.9,4.3,10.9
328,Tosan Evbuomwan,23,BRK,SF,21,0,501,5.1,11.8,0.432,1.1,4,0.275,4,7.8,0.513,0.479,2.9,3.8,0.763,1.8,4.3,6.1,2.4,1.1,0.5,2.2,2.8,14.2
329,Josh Okogie,26,2TM,SG,32,2,500,5.7,12,0.475,1.8,4.7,0.383,3.9,7.3,0.534,0.55,2.7,3.7,0.73,3,4,6.9,1.7,2.9,1.1,1.8,2.8,15.8
329,Josh Okogie,26,PHO,SG,25,1,351,5.7,11.7,0.487,1.6,4.3,0.372,4.1,7.4,0.554,0.556,2.3,3.3,0.697,3.3,4.1,7.4,1.4,2.2,1,1.6,2.9,15.4
329,Josh Okogie,26,CHO,SG,7,1,149,5.6,12.8,0.438,2.2,5.6,0.393,3.4,7.2,0.472,0.523,3.6,4.6,0.783,2.2,3.6,5.8,2.4,4.6,1.2,2.2,2.7,16.9
330,Svi Mykhailiuk,27,UTA,SF,25,12,496,6.3,16.1,0.391,3.8,11,0.345,2.5,5.2,0.481,0.509,1.4,1.7,0.824,0.9,3.4,4.4,3.6,1.1,0.4,2.9,2.3,17.8
331,Pelle Larsson,23,MIA,SG,39,1,495,4,8.7,0.46,1.5,4.3,0.349,2.5,4.4,0.568,0.546,1.8,2.8,0.643,1.1,3.1,4.1,2.7,1.1,0.3,1,5,11.3
332,DaQuan Jeffries,27,CHO,SG,26,3,494,3.4,9,0.378,1.3,5,0.26,2.1,4,0.525,0.45,0.8,0.9,0.889,1.7,3.7,5.5,2,1.1,0.7,1.2,3.7,9
333,Micah Potter,26,UTA,C,28,9,492,3,6.7,0.448,1.9,5.1,0.373,1.1,1.6,0.688,0.59,0.8,0.9,0.889,2.4,6.1,8.5,1.7,0.6,0.7,1.5,2.6,8.7
334,Jamison Battle,23,TOR,SF,39,0,491,5.5,12,0.458,3.8,9,0.422,1.7,2.9,0.586,0.617,0.9,1,0.9,1.5,3.7,5.2,2.4,0.4,0.4,0.9,3.2,15.7
335,Ryan Rollins,22,MIL,PG,39,8,487,5.5,12.1,0.455,1.8,5.1,0.353,3.7,7,0.529,0.529,1.5,1.8,0.833,1.2,3.5,4.7,3.8,2.1,1,2.4,3.9,14.2
336,Gary Harris,30,ORL,SG,31,2,480,2.5,7,0.357,1.7,5.3,0.321,0.8,1.7,0.471,0.479,0.5,0.7,0.714,1.1,1.7,2.8,1.2,1.4,0.6,0.9,2.2,7.3
337,Grant Williams,26,CHO,PF,16,7,479,4.1,9.2,0.446,2,5.6,0.357,2,3.7,0.541,0.554,2.3,2.8,0.821,1.4,4.8,6.2,2.8,1.4,1,2.1,3.5,12.5
338,Rob Dillingham,20,MIN,PG,39,1,478,6.7,14.9,0.45,1.9,5.3,0.358,4.8,9.6,0.5,0.513,0.6,1.1,0.545,0.9,2.6,3.5,7,1.4,0.1,3.5,2.7,15.9
339,Chet Holmgren,22,OKC,C,18,18,474,7.1,14.4,0.493,1.7,4.9,0.347,5.4,9.6,0.563,0.552,4.5,5.9,0.763,2.4,9.2,11.6,2.7,1.3,3.7,2.7,2.7,20.5
340,Adem Bo0,21,PHI,C,43,1,472,3.7,5.4,0.685,0,0,0,3.7,5.4,0.685,0.685,2.6,4,0.65,3.4,5.8,9.2,1,0.7,2.4,2.2,6.2,10.1
341,Jae'Sean Tate,29,HOU,SF,41,2,472,4.2,9.4,0.447,0.8,2.6,0.308,3.4,6.8,0.5,0.489,2.1,3.1,0.677,2.9,4.1,7,2.8,1.8,0.2,1.4,5.3,11.2
342,Jared Butler,24,2TM,SG,40,1,472,8,17.2,0.465,1.4,4.6,0.304,6.6,12.6,0.524,0.506,3.4,4.3,0.791,1.4,3.4,4.7,8.2,1.1,0.5,3.1,3.6,20.8
342,Jared Butler,24,WAS,PG,32,0,362,8.5,17.5,0.486,1.5,4.1,0.366,7,13.4,0.522,0.529,3.5,4.5,0.778,1.4,2.7,4.1,8.2,1.2,0.5,2.9,4,21.9
342,Jared Butler,24,PHI,SG,8,1,110,6.5,16,0.406,1.3,6.2,0.21,5.2,9.8,0.531,0.447,2.9,3.6,0.806,1.3,5.6,6.9,8.2,1,0.7,3.6,2.3,17.3
343,Trendon Watford,24,BRK,PF,26,0,470,6.5,14.3,0.455,1.1,3.6,0.306,5.4,10.7,0.505,0.493,3.8,4.8,0.792,1.5,5.1,6.7,4.1,1.4,0.5,3.3,4.4,18
344,KJ Simpson,22,CHO,PG,23,4,470,4.5,13.5,0.333,1.2,5.7,0.211,3.3,7.8,0.423,0.378,2.3,2.8,0.821,2.1,2.9,5.1,4.6,1.5,0.3,2.5,2.7,12.6
345,Larry 0nce Jr.,32,ATL,PF,24,3,463,6.2,12.1,0.512,2.6,5.9,0.441,3.6,6.1,0.59,0.62,0.7,1,0.7,1.8,6.2,8,3,1.6,1,1.2,2.9,15.8
346,Caleb Houstan,22,ORL,SF,40,5,460,2.9,8.6,0.337,2.4,7.4,0.324,0.5,1.2,0.417,0.477,0.8,0.9,0.889,1,2.1,3.1,1.3,0.6,0.2,0.4,3,9
347,Pat Con0ughton,32,MIL,SG,31,0,459,3.9,9.1,0.429,1.6,4.9,0.327,2.4,4.2,0.571,0.516,1,1.3,0.769,1.3,5.1,6.4,4,0.5,0.7,1.5,2.6,10.4
348,Keaton Wallace,25,ATL,PG,26,3,421,4.6,10.9,0.422,2.1,5.8,0.362,2.5,5,0.5,0.518,0.9,0.9,1,0.5,2.6,3.1,4.8,1.9,0.7,2.4,2.7,12.3
349,Delon Wright,32,2TM,PG,29,2,418,2,7.2,0.278,1,4.3,0.233,0.9,2.9,0.31,0.347,0.9,1.7,0.529,1.3,2.8,4,4.3,2.1,0.9,1.2,1.5,5.9
349,Delon Wright,32,MIL,PG,26,2,405,2,7.3,0.274,1.1,4.4,0.25,0.9,2.9,0.31,0.349,0.8,1.4,0.571,1.3,2.8,4.1,4.3,2,0.8,1.2,1.5,5.8
349,Delon Wright,32,NYK,PG,3,0,13,2.8,5.5,0.509,0,2.8,0,2.8,2.8,1,0.509,5.5,11.1,0.495,0,2.8,2.8,5.5,2.8,2.8,0,0,11.1
350,Karlo Matković,23,NOP,PF,25,3,414,4.4,9,0.489,0.9,2.9,0.31,3.6,6.1,0.59,0.539,1.7,2.1,0.81,3.2,5.8,9,2.1,1,2.3,2.1,4.9,11.4
351,John Konchar,28,MEM,SG,32,4,410,2.6,6.3,0.413,1.4,4.4,0.318,1.2,1.9,0.632,0.524,0.4,0.5,0.8,2.4,7.2,9.6,2.7,1.4,1.1,1.1,2.2,7.1
352,Richaun Holmes,31,WAS,PF,23,7,410,5.8,8.3,0.699,0,0.3,0,5.8,8.1,0.716,0.699,3.4,4.1,0.829,3.4,7.8,11.2,2.8,0.4,1.6,1.6,3.2,15
353,Jordan Miller,25,LAC,SF,33,0,404,5,11.6,0.431,0.7,3.3,0.212,4.3,8.3,0.518,0.461,2.3,2.9,0.793,2,3.1,5.2,2.9,1.5,0.4,2.1,2.1,13
354,Zeke N0ji,24,DEN,PF,41,3,392,4.9,9,0.544,1,3.2,0.313,3.9,5.8,0.672,0.6,1.2,2.1,0.571,1.9,3.8,5.7,1,1.3,2.2,0.6,4,11.9
355,Quinten Post,24,GSW,PF,25,8,389,7,15,0.467,3.9,9.1,0.429,3.1,5.9,0.525,0.597,1.3,1.6,0.813,2.4,6.6,9,3.5,0.8,0.9,1.9,4.3,19.2
356,Kessler Edwards,24,DAL,SF,32,10,384,3.3,7.3,0.452,0.8,3,0.267,2.4,4.3,0.558,0.507,0.3,0.3,1,1.5,5.6,7.1,3,1.2,1.2,0.9,3.7,7.7
357,Reggie Jackson,34,PHI,PG,31,1,384,4.9,12.5,0.392,2.3,6.9,0.333,2.5,5.5,0.455,0.484,0.7,0.8,0.875,0.7,3.2,3.9,4.2,1.5,0.3,1.6,3.2,12.7
358,David Roddy,23,2TM,PF,30,3,375,5,10.8,0.463,1.7,5.2,0.327,3.3,5.6,0.589,0.542,1.7,2.1,0.81,1.2,6.3,7.6,3.2,1.3,0.8,2,1.8,13.4
358,David Roddy,23,ATL,PF,27,3,346,4.6,9.7,0.474,1.7,4.5,0.378,2.9,5.2,0.558,0.562,1.9,2.3,0.826,1.1,6.1,7.3,3.1,1.2,0.8,2.1,1.9,12.7
358,David Roddy,23,PHI,PF,3,0,29,9.9,23.6,0.419,2.5,13.7,0.182,7.4,9.9,0.747,0.472,0,0,0,2.5,8.7,11.2,3.7,2.5,0,1.2,1.2,22.3
359,Trevelin Queen,27,ORL,SG,26,2,373,4.2,12,0.35,1.5,6.3,0.238,2.7,5.7,0.474,0.413,1.3,1.4,0.929,1.9,2.1,4.1,3.2,2.4,1,1.9,3.5,11.3
360,Jaylon Tyson,22,CLE,SG,39,2,363,4.7,10,0.47,1.4,3.9,0.359,3.3,6.1,0.541,0.54,1.4,1.8,0.778,3,4.9,7.8,3.7,0.9,0.2,1.9,4.3,12.1
361,Charles Bassey,24,SAS,C,34,1,363,6.7,11.5,0.583,0,0,0,6.7,11.5,0.583,0.583,2.1,3.3,0.636,5.6,9.4,15,1.7,1.4,2.9,2.3,4.7,15.6
362,Ousmane Dieng,21,OKC,C,32,0,358,4.7,11.4,0.412,1.9,6.5,0.292,2.8,4.8,0.583,0.496,1.1,1.6,0.688,1.6,5.7,7.3,2.9,1.5,0.7,1.5,2.9,12.5
363,Bol Bol,25,PHO,PF,26,7,356,7.9,15,0.527,2.6,7.7,0.338,5.3,7.3,0.726,0.613,1.8,2.4,0.75,1.5,7.3,8.8,1.6,0.5,2.3,1.6,1.5,20.2
364,Mo Bamba,26,LAC,C,28,2,352,4.9,10.5,0.467,1.5,5.1,0.294,3.4,5.4,0.63,0.538,1.7,2.6,0.654,2.7,9.6,12.3,1.6,0.9,2.9,1.9,5,13.1
365,Robert Williams,27,POR,C,20,3,351,5.1,8,0.638,0.1,0.3,0.333,5,7.7,0.649,0.644,1.5,1.7,0.882,3.6,8.5,12.1,2.2,1.3,3.4,1.7,3.2,11.9
366,Craig Porter Jr.,24,CLE,PG,39,0,349,4.8,8.8,0.545,1.4,3.1,0.452,3.4,5.7,0.596,0.625,1,1.3,0.769,1,3.5,4.5,5.5,1.3,1.2,2.4,1.7,12.2
367,Orlando Robinson,24,2TM,C,27,2,348,4.4,10.2,0.431,0.4,2.1,0.19,4,8.2,0.488,0.451,2.6,3.3,0.788,3.7,5.8,9.5,3.4,1,0.7,2.5,4.4,11.9
367,Orlando Robinson,24,SAC,C,9,0,57,4.4,10.7,0.411,0.6,3.2,0.188,3.8,7.6,0.5,0.439,2.5,4.4,0.568,1.9,6.9,8.8,5.7,1.9,0.6,2.5,3.8,12
367,Orlando Robinson,24,TOR,C,18,2,291,4.5,10.1,0.446,0.4,1.9,0.211,4.1,8.3,0.494,0.465,2.6,3.1,0.839,4.1,5.6,9.6,3,0.9,0.7,2.5,4.6,11.9
368,Jeff Dowtin,27,PHI,PG,30,0,344,4.7,11.2,0.42,1,3.1,0.323,3.7,8.1,0.457,0.464,1.8,2.6,0.692,0.6,3.2,3.9,5,1,0.5,0.5,1.8,12.2
369,Jordan Walsh,20,BOS,PF,42,1,340,2.5,6.8,0.368,1.4,4.6,0.304,1.2,2.2,0.545,0.471,0.7,1.3,0.538,2,3.7,5.7,1.7,1.1,1,1.2,2.8,7.2
370,Paul Reed,25,DET,C,36,0,337,6.4,11.9,0.538,0.6,2.2,0.273,5.8,9.6,0.604,0.563,2.9,3.6,0.806,3.5,6.4,9.9,3.7,3.6,2,1.9,6,16.3
371,Jock Landale,29,HOU,C,31,1,337,5.2,11.3,0.46,0.6,1.7,0.353,4.6,9.6,0.479,0.487,2.5,3.6,0.694,4.3,6.2,10.5,2.8,0.6,1,1.6,3.3,13.6
372,Landry Shamet,27,NYK,SG,30,0,336,4.6,9.6,0.479,2,5.8,0.345,2.6,3.9,0.667,0.583,0.3,0.7,0.429,0.5,1.9,2.5,1.8,1.3,0.2,1.3,2.5,11.6
373,Jaylen Clark,23,MIN,SG,22,4,334,3.8,8.7,0.437,1.7,4.1,0.415,2,4.6,0.435,0.534,1.5,1.9,0.789,1.8,1.4,3.2,1.4,2.4,0.1,0.4,4.5,10.8
374,Sandro Mamukelashvili,25,SAS,PF,39,0,331,7,13.7,0.511,3.2,8.4,0.381,3.8,5.3,0.717,0.628,2.5,3.4,0.735,2.5,7.3,9.8,2.1,1.4,1.1,1.5,3.3,19.6
375,Dwight Powell,33,DAL,C,38,2,328,2.5,3.5,0.714,0.1,0.1,1,2.4,3.4,0.706,0.729,2.2,3.4,0.647,3.5,5,8.6,3.6,1.3,2,1.1,5.3,7.4
376,Dillon Jones,23,OKC,SF,37,0,326,3.2,9.6,0.333,1.1,5.3,0.208,2.1,4.3,0.488,0.391,1.2,2.2,0.545,2.5,5.5,8.1,4.1,0.8,0.3,1.5,4,8.7
377,Jalen Pickett,25,DEN,SG,30,0,324,4.3,9.7,0.443,2,5.1,0.392,2.3,4.6,0.5,0.546,0.2,0.2,1,0.6,3.2,3.8,5.9,0.8,0.3,1.3,1.9,10.9
378,Tre Mann,23,CHO,PG,13,0,319,7.9,18.2,0.434,2.7,6.8,0.397,5.2,11.4,0.456,0.508,2.1,2.4,0.875,1.4,2.9,4.3,4.4,0.8,0.5,2.8,2.7,20.7
379,GG Jackson II,20,MEM,PF,19,0,317,6.2,15.6,0.397,2.7,7.7,0.351,3.5,7.8,0.449,0.484,3,4.1,0.732,2.3,4.8,7,2.5,0.7,0.5,2.7,2.6,18.2
380,Trey Jemison,25,2TM,C,29,0,314,4,7.2,0.556,0,0,0,4,7.2,0.556,0.556,1.4,3.6,0.389,4,5.6,9.6,1.6,0.9,1.4,1.8,6.6,9.4
380,Trey Jemison,25,NOP,C,16,0,166,3.3,6.9,0.478,0,0,0,3.3,6.9,0.478,0.478,1.7,4.6,0.37,4.8,4.8,9.5,2.2,1.5,1.3,2.2,5.9,8.2
380,Trey Jemison,25,LAL,C,13,0,148,4.9,7.5,0.653,0,0,0,4.9,7.5,0.653,0.653,1,2.4,0.417,3.2,6.6,9.7,1,0.2,1.5,1.5,7.5,10.7
381,Hunter Tyson,24,DEN,PF,41,0,310,3.1,8.6,0.36,1.7,5.7,0.298,1.4,2.9,0.483,0.459,1.9,2.7,0.704,1.6,5.3,7,1.6,0.6,0.6,1.5,4.3,9.9
382,Blake Wesley,21,SAS,SG,37,0,308,4.8,10.4,0.462,0.6,2.8,0.214,4.2,7.6,0.553,0.49,2.1,3.2,0.656,0.7,2.1,2.8,7.7,1.6,0.4,3.3,2.1,12.3
383,Rayan Rupert,20,POR,SG,40,0,306,3.8,9.5,0.4,1.2,4.4,0.273,2.6,5.2,0.5,0.463,1.8,2.4,0.75,2.5,2.9,5.4,2.1,0.9,0.2,2.2,2.8,10.5
384,Malaki Branham,21,SAS,SG,36,0,303,6.1,14.1,0.433,2.6,6.8,0.382,3.4,7.4,0.459,0.525,2,2.4,0.833,0.4,4.2,4.5,3.1,0.8,0.2,3.3,1.9,16.8
385,Alex Len,31,2TM,C,40,3,298,2.9,5.6,0.518,0.1,0.7,0.143,2.8,4.8,0.583,0.527,0.8,1.6,0.5,3.3,5.6,8.8,3.9,1,2.3,1.3,4.7,6.8
385,Alex Len,31,SAC,C,36,3,258,3.1,5.7,0.544,0.1,0.8,0.125,2.9,4.9,0.592,0.553,1,1.8,0.556,3.5,5.4,8.9,4.2,1.1,2.5,1.5,4.9,7.3
385,Alex Len,31,LAL,C,4,0,40,1.8,4.5,0.4,0,0,0,1.8,4.5,0.4,0.4,0,0,0,1.8,6.3,8.1,1.8,0,0.9,0,3.6,3.6
386,Wendell Moore Jr.,23,2TM,SG,24,1,293,4.1,9.1,0.451,0.7,2.5,0.28,3.3,6.6,0.5,0.489,1.8,2.1,0.857,2.3,4.8,7.1,2.9,1.4,0.4,1.6,2.6,10.7
386,Wendell Moore Jr.,23,DET,SG,20,1,219,3.8,8.2,0.463,0.7,2.3,0.304,3.1,5.9,0.525,0.506,2.1,2.3,0.913,1.8,5.4,7.2,3.8,1.6,0.5,1.5,2.5,10.4
386,Wendell Moore Jr.,23,CHO,SG,4,0,74,4.9,11.7,0.419,1,2.9,0.345,3.9,8.8,0.443,0.462,1,1.5,0.667,3.9,2.9,6.8,0.5,0.5,0,1.9,2.9,11.7
387,Reece Beekman,23,2TM,PG,27,0,291,2.6,8.3,0.313,0.5,3.3,0.152,2.1,4.9,0.429,0.343,0.7,1.4,0.5,0.6,1.9,2.5,4.2,2.4,0.2,2,2.2,6.4
387,Reece Beekman,23,GSW,PG,2,0,4,9,9,1,0,0,0,9,9,1,1,0,0,0,9,0,9,9,9,0,0,9,18
387,Reece Beekman,23,BRK,PG,25,0,287,2.5,8.3,0.301,0.5,3.4,0.147,2,4.9,0.408,0.331,0.8,1.4,0.571,0.5,1.9,2.4,4.1,2.3,0.3,2,2.1,6.3
388,Taj Gibson,39,CHO,C,25,11,290,3.8,8.1,0.469,0.1,0.2,0.5,3.7,7.8,0.474,0.475,1.4,2,0.7,5,6.7,11.7,1.7,1,1.5,2.4,4.8,9.2
389,Antonio Reeves,24,NOP,SG,28,0,286,5.7,13.6,0.419,2.4,7.3,0.329,3.3,6.3,0.524,0.507,1,1.1,0.909,1.3,2.5,3.8,2.5,1.3,0.3,1.3,1.8,14.7
390,Patty Mills,36,2TM,PG,22,0,286,3.7,10.7,0.346,2.5,8.3,0.301,1.1,2.4,0.458,0.463,0.8,0.9,0.889,0.4,2.3,2.6,3,1.6,0.4,2.1,2.3,10.6
390,Patty Mills,36,UTA,PG,17,0,260,3.6,10.5,0.343,2.4,7.9,0.304,1.2,2.6,0.462,0.457,0.7,0.7,1,0.4,2.5,2.9,2.9,1.7,0.4,2.2,1.7,10.2
390,Patty Mills,36,LAC,PG,5,0,26,4.2,12.5,0.336,4.2,12.5,0.336,0,0,0,0.504,1.4,2.8,0.5,0,0,0,4.2,1.4,0,1.4,8.3,13.8
391,Jamal Cain,25,NOP,SF,24,0,285,3.5,8.8,0.398,1.5,5.2,0.288,2,3.7,0.541,0.483,1.6,2.5,0.64,2.4,4,6.4,1.8,1.5,0.9,1.3,3.2,10.2
392,Terrence Shannon Jr.,24,MIN,SG,24,1,282,6.5,13.4,0.485,1.1,3.4,0.324,5.4,10,0.54,0.526,2.2,2.7,0.815,1.3,3.8,5.1,3.4,0.8,0.6,1.7,2.6,16.3
393,Cory Joseph,33,ORL,PG,35,1,278,3.4,9.3,0.366,2.3,6.7,0.343,1,2.6,0.385,0.489,0.5,0.8,0.625,0.8,2.7,3.5,4,1.6,0.4,1.6,2.8,9.6
394,Doug McDermott,33,SAC,SF,34,3,277,4.9,11.4,0.43,4.3,9.7,0.443,0.6,1.7,0.353,0.618,0.4,0.6,0.667,0.3,2.1,2.3,0.5,0.5,0.3,0.8,3.5,14.6
395,Jarred Vanderbilt,25,LAL,PF,17,0,269,3.6,7.4,0.486,0.9,2.8,0.321,2.7,4.6,0.587,0.547,1.2,2.4,0.5,4.3,8,12.3,2.4,2.3,0.8,1.3,4.1,9.4
396,Dru Smith,27,MIA,SG,14,1,268,4.2,8.2,0.512,2.1,4,0.525,2,4.2,0.476,0.64,1.2,1.6,0.75,1.6,3.2,4.8,3.1,2.8,0.8,2.3,4,11.7
397,Elfrid Payton,30,2TM,PG,13,5,267,3.5,9,0.389,0,0.1,0,3.5,8.9,0.393,0.389,0.1,0.3,0.333,0.8,4.2,5,9.2,2.2,0.8,3.6,3,7.1
397,Elfrid Payton,30,NOP,PG,7,3,144,5.7,11.5,0.496,0,0.2,0,5.7,11.3,0.504,0.496,0.2,0.5,0.4,1.2,4.7,6,12,2.5,0.7,5,2.5,11.7
397,Elfrid Payton,30,CHO,PG,6,2,123,0.9,6.1,0.148,0,0,0,0.9,6.1,0.148,0.148,0,0,0,0.3,3.5,3.8,5.9,1.8,0.9,2,3.5,1.8
398,Isaiah Wong,24,CHO,SG,20,0,265,5.6,14.3,0.392,1.8,4.5,0.4,3.8,9.8,0.388,0.455,3.4,4.6,0.739,1.9,2.4,4.3,3.8,1.5,0,2.4,2.9,16.3
399,Jeff Green,38,HOU,PF,21,2,262,5.9,11.4,0.518,2.2,6.7,0.328,3.7,4.7,0.787,0.614,2.1,2.5,0.84,1.1,3.6,4.7,1.2,0.7,0.4,0.8,2.7,16.1
400,Quenton Jackson,26,IND,PG,18,7,254,5.5,10.8,0.509,1.3,3.4,0.382,4.3,7.4,0.581,0.569,2.1,3,0.7,1.4,2.4,3.8,4.4,1.3,0.7,1.6,4.5,14.5
401,Johnny Furphy,20,IND,SG,39,0,253,3,8.3,0.361,1.6,4.7,0.34,1.4,3.6,0.389,0.458,1.3,1.3,1,2.4,3.3,5.7,1.4,1.4,1.1,1.3,3.8,8.8
402,Dante Exum,29,DAL,PG,13,8,249,6.2,13.3,0.466,2,4.9,0.408,4.2,8.4,0.5,0.541,2.9,4,0.725,0.3,2.7,3,6.2,1.4,0.4,2.3,2.9,17.3
403,Christian Koloko,24,LAL,C,29,0,246,4.1,6.3,0.651,0,0.3,0,4.1,6,0.683,0.651,1,1.2,0.833,4.1,5.3,9.4,1.8,1,1.2,1,4.5,9.2
404,Johnny Davis,22,WAS,SG,34,0,242,4.8,11.6,0.414,1,4.3,0.233,3.7,7.3,0.507,0.457,1.3,2.2,0.591,1.5,4.2,5.7,1.6,2.2,0.9,1,2.7,11.9
405,Kai Jones,24,2TM,C,29,0,242,5.2,6.8,0.765,0,0.3,0,5.2,6.5,0.8,0.765,1.8,2.4,0.75,2.5,5.5,8,1.5,0.9,2.1,1.6,3.7,12.2
405,Kai Jones,24,LAC,C,28,0,208,4.5,6.2,0.726,0,0.3,0,4.5,5.9,0.763,0.726,1.6,2.1,0.762,2.6,5.4,8,1.7,1,2.3,1.7,4,10.6
405,Kai Jones,24,DAL,C,1,0,34,9.5,10.6,0.896,0,0,0,9.5,10.6,0.896,0.896,3.2,4.2,0.762,2.1,6.4,8.5,0,0,1.1,1.1,2.1,22.2
406,Kevin Love,36,MIA,PF,21,8,236,5.9,16.9,0.349,3.4,9.8,0.347,2.6,7.2,0.361,0.45,2.4,3.5,0.686,3.2,10.8,14,3.2,2.3,0.6,2.1,2.9,17.7
407,Tristan Thompson,33,CLE,C,32,0,234,3.4,7.7,0.442,0,0.5,0,3.4,7.2,0.472,0.442,0.8,3.4,0.235,3.2,10.6,13.8,3.2,0.2,1.2,1.7,4.2,7.5
408,Mouhamed Gueye,22,ATL,PF,15,11,234,5.5,13.1,0.42,1.5,6.8,0.221,4,6.3,0.635,0.477,1.2,1.7,0.706,1.7,6,7.7,1.4,2.3,2.2,0.9,3.5,13.8
409,Josh Minott,22,MIN,SF,36,0,230,5,11.3,0.442,1.1,5,0.22,3.9,6.3,0.619,0.491,1.7,2,0.85,1.4,4.4,5.8,2.2,1.9,1.7,1.3,4.4,12.8
410,Isaac Jones,24,SAC,PF,26,0,227,6.5,9.7,0.67,0.2,0.6,0.333,6.3,9,0.7,0.68,2.2,4.1,0.537,2.2,3.8,6,1.3,0.5,1.3,1.9,4.1,15.4
411,Jevon Carter,29,CHI,PG,29,0,225,5.9,15,0.393,3.8,10.9,0.349,2.1,4.2,0.5,0.52,1.3,1.6,0.813,0.3,4.2,4.5,4.8,1.4,0.3,1.4,1.8,17
412,Bones Hyland,24,LAC,PG,20,0,222,7.3,18.6,0.392,5,13,0.385,2.3,5.7,0.404,0.527,3.7,4.2,0.881,0.8,3.1,3.9,4.5,2.9,0.6,3.9,4.2,23.4
413,Anthony Gill,32,WAS,PF,39,0,218,3.8,7.4,0.514,1,2.6,0.385,2.8,4.8,0.583,0.581,3.1,5,0.62,1,4.3,5.3,1.2,1,0.3,1,3,11.7
414,Ariel Hukporti,22,NYK,C,25,1,217,3.5,5.1,0.686,0,0,0,3.5,5.1,0.686,0.686,1,2.2,0.455,2.3,6.1,8.5,1.8,0.2,2.5,3.5,5.3,8
415,Vince Williams Jr.,24,MEM,SG,12,1,213,5.7,13.7,0.416,1.9,6.8,0.279,3.9,6.9,0.565,0.485,1.9,2.7,0.704,2,5.4,7.4,4.2,1.2,0.3,3.2,3.9,15.2
416,Kobe Brown,25,LAC,PF,27,0,209,4.8,10.2,0.471,0.7,3.4,0.206,4.1,6.7,0.612,0.505,0.7,0.9,0.778,2.9,6.2,9.1,2.9,0.7,0.5,1.2,2.8,11
417,Jaden Springer,22,2TM,SG,32,0,208,3.3,8.5,0.388,1.6,4.5,0.356,1.7,4,0.425,0.482,3.3,4.7,0.702,1.2,4.2,5.4,3.3,2.6,0.3,1.6,4,11.4
417,Jaden Springer,22,BOS,SG,26,0,141,3.1,8.7,0.356,1.5,4.9,0.306,1.5,3.8,0.395,0.443,3.8,5.4,0.704,1,5.1,6.1,2.6,3.1,0.3,1,4.3,11.5
417,Jaden Springer,22,UTA,PG,6,0,67,3.8,8.1,0.469,1.6,3.8,0.421,2.1,4.3,0.488,0.568,2.1,3.2,0.656,1.6,2.1,3.8,4.8,1.6,0.5,2.7,3.2,11.3
418,Xavier Tillman Sr.,26,BOS,C,29,1,207,2.1,8,0.263,0.9,4.7,0.191,1.2,3.3,0.364,0.319,0.2,0.3,0.667,1.6,5,6.6,1.2,1.6,0.9,2.1,2.8,5.2
419,Brandon Williams,25,DAL,PG,21,0,206,5.6,12.4,0.452,1.7,4.7,0.362,3.8,7.7,0.494,0.52,2.6,3.3,0.788,0.3,3.3,3.7,5.4,1.2,0.3,2.8,2.4,15.6
420,Pat Spencer,28,GSW,PG,29,0,203,5.9,14.9,0.396,0.4,3,0.133,5.5,11.9,0.462,0.409,2,2.7,0.741,2.7,4.8,7.4,6.7,2,0.5,2.5,2.8,14
421,Dario Šarić,30,DEN,C,15,4,203,3.4,9.9,0.343,1.2,4.6,0.261,2.1,5.3,0.396,0.404,1.2,1.8,0.667,2.5,6.2,8.7,3.9,1.2,0.2,2.5,3.2,9.2
422,Jordan McLaughlin,28,2TM,PG,33,0,202,3.2,8.2,0.39,2,4.8,0.417,1.2,3.4,0.353,0.512,2.1,3,0.7,0.7,3,3.7,5.5,2.1,0,2,2.5,10.5
422,Jordan McLaughlin,28,SAC,PG,28,0,190,3,8.3,0.361,1.9,4.9,0.388,1.1,3.4,0.324,0.476,2.1,3,0.7,0.8,3.2,4,4.5,2.1,0,2.1,2.5,10
422,Jordan McLaughlin,28,SAS,PG,5,0,12,6,6,1,3,3,1,3,3,1,1.25,3,3,1,0,0,0,21,3,0,0,3,18
423,Duop Reath,28,POR,C,31,0,198,5.6,13.1,0.427,2.9,8.9,0.326,2.7,4.2,0.643,0.538,1.8,2.2,0.818,2.2,4.7,6.9,1.8,0.5,1.1,1.5,3.3,16
424,Damion Baugh,24,CHO,SG,8,0,198,4,11.8,0.339,1.3,6,0.217,2.7,5.8,0.466,0.394,1.6,1.8,0.889,1.1,2.9,4,5.5,2.4,0.2,2.5,2.2,10.9
425,Tristan Vukcevic,21,WAS,C,20,0,186,7.7,15.9,0.484,2.5,7.9,0.316,5.2,7.9,0.658,0.563,3.9,5,0.78,2.3,7.9,10.3,3.1,1,1.4,2.9,4.5,21.9
426,Luka Garza,26,MIN,C,30,0,185,8,16.7,0.479,1.4,5.8,0.241,6.6,10.9,0.606,0.521,3.7,5.6,0.661,5.6,3.7,9.3,1.6,1.2,0.6,1.9,5.3,21
427,Marvin Bagley III,25,2TM,PF,21,1,183,7.7,14.4,0.535,0.6,2.4,0.25,7.1,12,0.592,0.556,3,4.5,0.667,5.3,6.1,11.4,1.4,1.4,1,2.2,2.6,18.9
427,Marvin Bagley III,25,WAS,C,19,1,166,8.2,15.4,0.532,0.4,2.2,0.182,7.8,13.2,0.591,0.545,3.3,5,0.66,5.9,6.3,12.1,1.5,1.5,1.1,2.4,2.6,20.2
427,Marvin Bagley III,25,MEM,PF,2,0,17,2.1,4.2,0.5,2.1,4.2,0.5,0,0,0,0.75,0,0,0,0,4.2,4.2,0,0,0,0,2.1,6.4
428,Torrey Craig,34,2TM,SF,15,2,175,6.2,12.5,0.496,3.9,9.3,0.419,2.3,3.3,0.697,0.652,1.2,1.6,0.75,3.3,4.3,7.6,1.6,0.4,1,0.2,4.1,17.5
428,Torrey Craig,34,CHI,SF,9,1,113,7,14.3,0.49,4.8,11.2,0.429,2.2,3.2,0.688,0.657,1,1.3,0.769,2.5,5.4,8,1.6,0.6,0.3,0,4.8,19.8
428,Torrey Craig,34,BOS,SF,6,1,62,4.6,9.3,0.495,2.3,5.8,0.397,2.3,3.5,0.657,0.618,1.7,2.3,0.739,4.6,2.3,7,1.7,0,2.3,0.6,2.9,13.4
429,Devin Carter,22,SAC,PG,18,0,168,4.7,14.1,0.333,1.9,7.1,0.268,2.8,7.1,0.394,0.401,3.2,4.3,0.744,1.5,7.3,8.8,4.5,1.1,0.6,1.7,3,14.6
430,Jaylen Nowell,25,NOP,SG,8,0,168,5.6,15.6,0.359,1.7,5.8,0.293,3.9,9.9,0.394,0.413,1.5,2.4,0.625,1.3,3,4.3,3.9,0.2,0.9,1.7,1.9,14.4
431,Killian Hayes,23,BRK,PG,6,5,162,4,9.6,0.417,1.8,4.7,0.383,2.2,4.9,0.449,0.51,2.2,2.7,0.815,1.1,2.9,4,6.9,0.9,0.9,2,2.9,12
432,Bismack Biyombo,32,SAS,C,9,8,159,5.9,9.1,0.648,0,0,0,5.9,9.1,0.648,0.648,0.7,2,0.35,3.2,8.4,11.5,2.5,1.1,2,2,4.1,12.5
433,Dominick Barlow,21,ATL,SF,19,3,153,5.6,11.5,0.487,1.2,3.3,0.364,4.5,8.2,0.549,0.539,1.4,2.4,0.583,2.1,4.9,7.1,0.9,0.9,1.6,0.5,3.1,13.9
434,Josh Richardson,31,MIA,SG,8,0,150,2.6,9.1,0.286,1.4,5.3,0.264,1.2,3.8,0.316,0.363,1,1,1,1.4,1.4,2.9,2.9,1.9,0.2,1.9,4.1,7.7
435,Drew Peterson,25,BOS,PF,18,1,149,3.1,7,0.443,2.2,5.6,0.393,1,1.4,0.714,0.6,1.4,1.7,0.824,1.2,6,7.2,3.1,1,0.5,1.4,3.1,9.9
436,Tyler Kolek,23,NYK,PG,29,0,148,4.4,11.4,0.386,2.7,6.8,0.397,1.7,4.6,0.37,0.504,1.5,1.5,1,0.5,3.2,3.6,5.4,1.7,0.2,2.2,2.9,12.9
437,Bruno Fer0ndo,26,TOR,C,17,2,147,6.4,12,0.533,0,0,0,6.4,12,0.533,0.533,1.5,2,0.75,5.1,7.3,12.5,4.4,1,2.2,3.4,6.6,14.2
438,Enrique Freeman,24,IND,PF,19,1,139,3.1,6.5,0.477,0.3,1.6,0.188,2.8,4.9,0.571,0.5,1.8,3.4,0.529,1.6,3.4,4.9,2.1,0.5,0.5,1.3,4.7,8.3
439,MarJon Beauchamp,24,2TM,SF,29,0,139,5.7,14,0.407,2.3,6.2,0.371,3.4,7.8,0.436,0.489,2.8,4.1,0.683,2.3,6.7,9.1,2.6,0.8,0.3,3.6,3.1,16.6
439,MarJon Beauchamp,24,MIL,SF,26,0,122,5.3,13.9,0.381,2.1,6.2,0.339,3.2,7.7,0.416,0.457,2.7,3.5,0.771,2.1,7.4,9.4,2.4,0.9,0.3,3.8,3,15.3
439,MarJon Beauchamp,24,LAC,SF,3,0,17,8.5,14.8,0.574,4.2,6.4,0.656,4.2,8.5,0.494,0.716,4.2,8.5,0.494,4.2,2.1,6.4,4.2,0,0,2.1,4.2,25.4
440,Elijah Harkless,24,UTA,SG,10,0,138,2.9,9.1,0.319,1.8,6.5,0.277,1,2.6,0.385,0.418,0.8,1.6,0.5,2.3,3.1,5.5,2.1,2.6,0.3,0.8,4.7,8.3
441,Jordan Goodwin,26,LAL,PG,8,0,135,5.6,10.7,0.523,1.3,4.3,0.302,4.3,6.4,0.672,0.584,0.5,0.8,0.625,3.2,4.8,8,2.1,2.7,0.5,1.6,3.2,13.1
442,Colby Jones,22,SAC,SG,24,0,130,3,7.2,0.417,1.1,2.8,0.393,1.9,4.4,0.432,0.493,0,0,0,2.2,4.2,6.4,1.9,1.7,1.9,1.9,3.6,7.2
443,Cam Spencer,24,MEM,SG,12,0,127,3.7,8.8,0.42,1.4,4.5,0.311,2.3,4.3,0.535,0.5,3.1,3.1,1,1.4,3.4,4.8,4.5,0.9,0.3,1.4,3.4,11.9
444,Lonnie Walker IV,26,PHI,SG,7,0,127,4.5,13.6,0.331,3.1,9.4,0.33,1.4,4.3,0.326,0.445,0.9,0.9,1,0.6,4,4.5,2.6,0.9,0.9,2,1.7,13
445,Kobe Bufkin,21,ATL,SG,10,0,124,5.2,13.6,0.382,1.2,5.5,0.218,4.1,8.1,0.506,0.426,3.8,5.2,0.731,1.5,4.6,6.1,4.9,0.9,0.6,2.3,2.6,15.4
446,De'Anthony Melton,26,GSW,SG,6,2,121,6.5,16.1,0.404,3.9,10.4,0.375,2.7,5.7,0.474,0.525,1.5,2.4,0.625,1.8,4.2,6,5.1,2.1,0.6,3,5.4,18.4
447,Baylor Scheierman,24,BOS,SG,16,0,119,2.7,10.3,0.262,1.2,6.7,0.179,1.5,3.6,0.417,0.32,1.5,1.8,0.833,1.2,5.7,7,3,1.2,0,0.3,2.1,8.2
448,Moses Brown,25,2TM,C,13,2,119,10.3,14.8,0.696,0,0,0,10.3,14.8,0.696,0.696,2.4,3.3,0.727,3.6,9.7,13.3,0.6,1.8,1.2,3.3,5.1,23
448,Moses Brown,25,IND,C,9,0,46,10.2,15.7,0.65,0,0,0,10.2,15.7,0.65,0.65,2.3,3.9,0.59,3.1,7,10.2,0,1.6,0.8,4.7,4.7,22.7
448,Moses Brown,25,DAL,C,4,2,73,10.4,14.3,0.727,0,0,0,10.4,14.3,0.727,0.727,2.5,3,0.833,3.9,11.3,15.3,1,2,1.5,2.5,5.4,23.2
449,Joe Ingles,37,MIN,SF,17,0,108,2,6.7,0.299,1,4.3,0.233,1,2.3,0.435,0.373,0,0,0,0.7,3,3.7,7.3,0.7,0,2.7,3.3,5
450,Branden Carlson,25,OKC,C,19,0,107,6.4,13.1,0.489,4.7,10.4,0.452,1.7,2.7,0.63,0.668,0.7,0.7,1,1.7,7.1,8.7,2,0.7,2,1,4,18.2
451,Patrick Baldwin Jr.,22,WAS,SF,22,0,101,6.1,11.8,0.517,3.9,7.5,0.52,2.1,4.3,0.488,0.682,0.7,1.4,0.5,1.8,6.1,7.8,0.7,1.1,0.7,1.8,1.8,16.8
452,Damion Lee,32,PHO,SG,16,0,101,6.1,18.5,0.33,1.8,9.3,0.194,4.3,9.3,0.462,0.378,5.7,6.1,0.934,0.7,4.3,5,2.9,1.4,0,2.5,1.8,19.6
453,Oscar Tshiebwe,25,UTA,C,7,0,100,5.4,8.3,0.651,0,0,0,5.4,8.3,0.651,0.651,3.2,4.3,0.744,5.8,13,18.7,1.1,2.2,0,0.7,5,14
454,Adam Flagler,25,OKC,SG,24,0,95,4.9,21.2,0.231,3,17.1,0.175,1.9,4.2,0.452,0.302,0,0,0,1.1,1.9,3,0,1.9,0.8,0.4,3.4,12.9
455,Pacome Dadiet,19,NYK,SG,14,0,95,3.4,10.2,0.333,2.3,6.4,0.359,1.1,3.8,0.289,0.446,0.8,1.1,0.727,0,5.3,5.3,1.9,1.1,0.8,0.8,1.9,9.9
456,TyTy Washington Jr.,23,PHO,PG,10,0,93,4.3,13.9,0.309,1.2,7,0.171,3.1,7,0.443,0.353,1.2,1.5,0.8,1.5,3.1,4.6,4.6,1.2,0,1.2,1.2,10.8
457,Jae Crowder,34,SAC,PF,7,2,92,2.3,6.7,0.343,1.2,4.7,0.255,1.2,2,0.6,0.433,2,2.3,0.87,2.3,4.3,6.7,1.6,1.2,0,1.6,3.9,7.8
458,Collin Gillespie,25,PHO,PG,13,0,84,7.7,13.7,0.562,2.6,5.1,0.51,5.1,8.6,0.593,0.657,2.6,3,0.867,2.1,3.4,5.6,6.4,1.3,0.9,1.3,3.9,20.6
459,Isaiah Jackson,23,IND,C,5,1,84,6,9.9,0.606,0,0,0,6,9.9,0.606,0.606,3,6,0.5,4.7,7.3,12,2.1,1.3,3.4,2.1,6,15
460,Trey Alexander,21,DEN,SG,18,0,79,3.2,10.9,0.294,0.9,4.6,0.196,2.3,6.4,0.359,0.335,0.9,0.9,1,0,4.1,4.1,3.2,0.5,0.5,1.4,3.6,8.2
461,Tyler Smith,20,MIL,PF,16,0,79,7.7,15.9,0.484,3.6,9.1,0.396,4.1,6.8,0.603,0.597,0.9,1.8,0.5,1.8,7.3,9.1,1.8,0.9,1.4,2.7,3.6,20.1
462,Bronny James,20,LAL,SG,18,0,76,3.8,14.7,0.259,1.4,7.1,0.197,2.4,7.6,0.316,0.306,2.8,4.3,0.651,0.5,3.3,3.8,3.8,1.9,0.9,2.8,2.8,11.8
463,Alex Ducas,24,OKC,SG,17,0,76,3.8,10.4,0.365,3.3,7.6,0.434,0.5,2.8,0.179,0.524,0,0,0,2.4,4.7,7.1,0.9,0.9,0,1.4,3.3,10.9
464,Taylor Hendricks,21,UTA,PF,3,3,75,1.9,8.6,0.221,1.4,5.8,0.241,0.5,2.9,0.172,0.302,1.4,1.9,0.737,2.4,4.8,7.2,1,2.4,1.9,1,3.8,6.7
465,Chris Duarte,27,CHI,SG,17,0,74,5.8,12.6,0.46,2.9,7.3,0.397,2.9,5.4,0.537,0.575,2.9,3.9,0.744,2.4,7.3,9.7,4.4,0,0,0.5,3.4,17.5
466,AJ Johnson,20,2TM,SG,11,0,74,5.8,13.6,0.426,1.9,4.9,0.388,3.9,8.8,0.443,0.496,1,1.5,0.667,0,4.4,4.4,5.8,1,0,2.4,2.4,14.6
466,AJ Johnson,20,MIL,SG,7,0,44,6.5,15.5,0.419,2.5,4.1,0.61,4.1,11.5,0.357,0.5,0.8,1.6,0.5,0,5.7,5.7,5.7,0.8,0,3.3,0,16.4
466,AJ Johnson,20,WAS,SG,4,0,30,4.8,10.8,0.444,1.2,6,0.2,3.6,4.8,0.75,0.5,1.2,1.2,1,0,2.4,2.4,6,1.2,0,1.2,6,12
467,Jee0than Williams,25,HOU,SG,10,0,69,7.8,16.7,0.467,1.6,6.3,0.254,6.3,10.4,0.606,0.515,1.6,2.1,0.762,0.5,2.6,3.1,2.1,2.1,1.6,4.2,4.2,18.8
468,Matt Ryan,27,NYK,SF,19,0,68,5.3,16.4,0.323,3.2,10.1,0.317,2.1,6.4,0.328,0.421,1.1,1.1,1,0,4.2,4.2,1.6,1.1,0,1.6,0.5,14.8
469,Pete 0nce,24,PHI,C,7,0,68,2.6,7.9,0.329,2.1,6.4,0.328,0.5,1.6,0.313,0.462,0.5,1.1,0.455,1.1,4.2,5.3,1.6,0.5,0,0,5.3,7.9
470,Armel Traoré,22,LAL,SF,9,0,67,3.2,10.2,0.314,0,3.8,0,3.2,6.4,0.5,0.314,1.1,3.8,0.289,1.1,7,8.1,0.5,2.1,1.1,1.6,3.2,7.5
471,Kylor Kelley,27,DAL,C,8,1,67,5.4,7,0.771,0,0,0,5.4,7,0.771,0.771,2.1,3.2,0.656,4.3,7,11.3,1.1,0,1.1,0.5,4.3,12.9
472,Garrett Temple,38,TOR,SG,17,0,66,1.6,8.2,0.195,0.5,3.8,0.132,1.1,4.4,0.25,0.226,2.2,2.2,1,1.1,4.4,5.5,6,3.3,1.1,2.2,3.8,6
473,Chris Livingston,21,MIL,SF,13,1,66,2.7,7.6,0.355,0,2.7,0,2.7,4.9,0.551,0.355,2.7,4.4,0.614,3.8,8.2,12,1.1,2.2,0,2.7,2.7,8.2
474,Stanley Umude,25,MIL,SG,20,0,65,2.2,12.7,0.173,1.1,7.2,0.153,1.1,5.5,0.2,0.217,1.1,2.2,0.5,2.2,6.1,8.3,1.7,1.7,1.7,1.1,3.3,6.6
475,Yuki Kawamura,23,MEM,PG,20,0,63,4.6,12.6,0.365,2.3,9.1,0.253,2.3,3.4,0.676,0.456,2.3,3.4,0.676,0,4,4,8,0.6,0,2.3,4,13.7
476,Markelle Fultz,26,SAC,PG,6,0,62,6.4,12.2,0.525,0.6,1.2,0.5,5.8,11,0.527,0.549,0.6,0.6,1,0.6,2.9,3.5,4.1,2.3,0.6,5.8,2.3,13.9
477,Markieff Morris,35,2TM,PF,10,0,61,4.7,18.9,0.249,3,11.8,0.254,1.8,7.1,0.254,0.328,1.2,1.2,1,0,5.3,5.3,4.1,0.6,0.6,1.8,3,13.6
477,Markieff Morris,35,DAL,PF,7,0,41,4.4,19.3,0.228,1.8,11.4,0.158,2.6,7.9,0.329,0.275,0,0,0,0,7,7,3.5,0.9,0.9,1.8,1.8,10.5
477,Markieff Morris,35,LAL,PF,3,0,20,5.4,18,0.3,5.4,12.6,0.429,0,5.4,0,0.45,3.6,3.6,1,0,1.8,1.8,5.4,0,0,1.8,5.4,19.8
478,Dariq Whitehead,20,BRK,SF,10,0,59,7.9,16.5,0.479,7.3,14,0.521,0.6,2.4,0.25,0.7,0.6,1.8,0.333,0.6,3.1,3.7,0.6,1.8,0.6,3.7,1.2,23.8
479,Sidy Cissoko,20,2TM,SF,19,0,59,5.5,11,0.5,1.8,4.3,0.419,3.7,6.7,0.552,0.582,0.6,3.7,0.162,1.8,4.3,6.1,3.7,0.6,0,1.8,4.3,13.4
479,Sidy Cissoko,20,SAS,SF,17,0,54,6,12,0.5,2,4.7,0.426,4,7.3,0.548,0.583,0.7,4,0.175,2,4.7,6.7,4,0.7,0,1.3,4,14.7
479,Sidy Cissoko,20,POR,SF,2,0,5,0,0,0,0,0,0,0,0,0,0,0,0,0,0,0,0,0,0,0,7.2,7.2,0
480,Jazian Gortman,21,DAL,PG,16,0,57,5.7,14.5,0.393,2.5,6.9,0.362,3.2,7.6,0.421,0.479,1.3,2.5,0.52,0.6,2.5,3.2,3.8,1.3,0.6,3.2,5.7,15.2
481,Liam Robbins,25,MIL,C,13,0,57,1.3,5.1,0.255,0,1.3,0,1.3,3.8,0.342,0.255,3.2,6.3,0.508,4.4,3.2,7.6,1.3,1.3,1.3,3.8,5.7,5.7
482,Keshad Johnson,23,MIA,SF,10,0,57,4.4,7.6,0.579,0.6,2.5,0.24,3.8,5.1,0.745,0.618,0.6,3.8,0.158,1.3,9.5,10.7,1.9,0.6,2.5,1.9,3.2,10.1
483,A.J. Lawson,24,TOR,SG,7,0,57,5.7,10.1,0.564,3.2,5.7,0.561,2.5,4.4,0.568,0.723,0.6,1.9,0.316,0.6,3.2,3.8,0.6,0,1.3,0.6,3.2,15.2
484,Luke Travers,23,CLE,SG,9,0,55,2,7.2,0.278,0,2.6,0,2,4.6,0.435,0.278,1.3,1.3,1,3.3,4.6,7.9,3.3,0.7,0.7,3.3,2.6,5.2
485,Mitchell Robinson,26,NYK,C,4,1,54,6,9.3,0.645,0,0,0,6,9.3,0.645,0.645,2,2,1,6,4.7,10.7,0.7,0.7,0.7,0.7,3.3,14
486,Kevin Knox,25,GSW,SF,7,0,51,7.8,16.9,0.462,2.1,7.8,0.269,5.6,9.2,0.609,0.524,2.1,2.8,0.75,4.2,3.5,7.8,2.8,0.7,2.8,0.7,3.5,19.8
487,Maxwell Lewis,22,2TM,SF,13,0,51,2.8,9.2,0.304,1.4,2.8,0.5,1.4,6.4,0.219,0.38,0,0,0,2.1,4.9,7.1,2.1,0.7,0,2.1,2.1,7.1
487,Maxwell Lewis,22,LAL,SF,7,0,29,2.5,7.4,0.338,0,0,0,2.5,7.4,0.338,0.338,0,0,0,2.5,0,2.5,2.5,1.2,0,2.5,1.2,5
487,Maxwell Lewis,22,BRK,SF,6,0,22,3.3,11.5,0.287,3.3,6.5,0.508,0,4.9,0,0.43,0,0,0,1.6,11.5,13.1,1.6,0,0,1.6,3.3,9.8
488,Jacob Toppin,24,NYK,SF,16,0,49,2.2,7.3,0.301,0,1.5,0,2.2,5.9,0.373,0.301,0,0,0,1.5,6.6,8.1,2.9,1.5,0,1.5,2.2,4.4
489,PJ Hall,22,DEN,C,15,0,46,4.7,11,0.427,0,3.9,0,4.7,7,0.671,0.427,2.3,3.1,0.742,3.1,9.4,12.5,2.3,0,1.6,1.6,4.7,11.7
490,Colin Castleton,24,MEM,C,10,0,46,1.6,7.8,0.205,0,3.1,0,1.6,4.7,0.34,0.205,7.8,8.6,0.907,2.3,4.7,7,0,0.8,0.8,0.8,4.7,11
491,Jackson Rowe,28,GSW,PF,5,0,43,5,12.6,0.397,1.7,7.5,0.227,3.3,5,0.66,0.464,1.7,3.3,0.515,0,6.7,6.7,2.5,2.5,0,0.8,3.3,13.4
492,JT Thor,22,CLE,PF,9,0,42,7.7,12.9,0.597,2.6,5.1,0.51,5.1,7.7,0.662,0.698,6,6.9,0.87,2.6,2.6,5.1,0.9,1.7,2.6,5.1,5.1,24
493,JD Davison,22,BOS,PG,9,0,39,2.8,8.3,0.337,1.8,5.5,0.327,0.9,2.8,0.321,0.446,3.7,4.6,0.804,0,2.8,2.8,2.8,1.8,0,5.5,0.9,11.1
494,PJ Dozier,28,MIN,SG,9,0,35,2.1,3.1,0.677,2.1,3.1,0.677,0,0,0,1.016,1,6.2,0.161,1,4.1,5.1,5.1,1,0,1,3.1,7.2
495,Mason Jones,26,SAC,SG,7,0,35,9.3,16.5,0.564,1,6.2,0.161,8.2,10.3,0.796,0.594,2.1,3.1,0.677,2.1,6.2,8.2,10.3,0,0,1,3.1,21.6
496,Vlatko Čančar,27,DEN,PF,4,0,34,4.2,7.4,0.568,1.1,2.1,0.524,3.2,5.3,0.604,0.642,0,0,0,3.2,5.3,8.5,0,0,1.1,2.1,4.2,9.5
497,Jared Rhoden,25,2TM,SG,6,0,34,4.2,14.8,0.284,0,5.3,0,4.2,9.5,0.442,0.284,0,0,0,2.1,4.2,6.4,2.1,1.1,1.1,1.1,3.2,8.5
497,Jared Rhoden,25,CHO,SG,4,0,12,6,24,0.25,0,6,0,6,18,0.333,0.25,0,0,0,6,6,12,6,3,0,3,3,12
497,Jared Rhoden,25,TOR,SG,2,0,22,3.3,9.8,0.337,0,4.9,0,3.3,4.9,0.673,0.337,0,0,0,0,3.3,3.3,0,0,1.6,0,3.3,6.5
498,Spencer Jones,23,DEN,SF,12,0,33,2.2,9.8,0.224,1.1,6.5,0.169,1.1,3.3,0.333,0.281,0,0,0,2.2,4.4,6.5,0,3.3,0,2.2,5.5,5.5
499,James Johnson,37,IND,PF,11,0,33,4.4,9.8,0.449,0,3.3,0,4.4,6.5,0.677,0.449,0,1.1,0,0,5.5,5.5,4.4,0,2.2,4.4,4.4,8.7
500,E.J. Liddell,24,CHI,PF,7,0,33,5.5,10.9,0.505,3.3,8.7,0.379,2.2,2.2,1,0.656,2.2,2.2,1,1.1,4.4,5.5,3.3,1.1,1.1,2.2,8.7,16.4
501,D.J. Carton,24,TOR,SG,4,0,33,1.1,7.6,0.145,0,3.3,0,1.1,4.4,0.25,0.145,1.1,1.1,1,0,4.4,4.4,3.3,2.2,0,4.4,1.1,3.3
502,Daeqwon Plowden,26,ATL,SG,2,0,33,8.7,10.9,0.798,6.5,8.7,0.747,2.2,2.2,1,1.096,2.2,2.2,1,3.3,2.2,5.5,0,0,0,1.1,5.5,26.2
503,Ulrich Chomche,19,TOR,PF,7,0,32,2.3,5.6,0.411,0,0,0,2.3,5.6,0.411,0.411,1.1,2.3,0.478,4.5,4.5,9,2.3,0,1.1,2.3,5.6,5.6
504,Cam Christie,19,LAC,SG,6,0,31,4.6,13.9,0.331,2.3,9.3,0.247,2.3,4.6,0.5,0.414,1.2,2.3,0.522,1.2,5.8,7,2.3,2.3,0,2.3,2.3,12.8
505,Josh Christopher,23,MIA,SG,8,0,28,2.6,9,0.289,0,1.3,0,2.6,7.7,0.338,0.289,2.6,5.1,0.51,0,3.9,3.9,5.1,0,1.3,5.1,1.3,7.7
506,Jack McVeigh,28,HOU,PF,7,0,28,6.4,16.7,0.383,5.1,12.9,0.395,1.3,3.9,0.333,0.536,0,0,0,1.3,3.9,5.1,1.3,0,1.3,1.3,1.3,18
507,Leo0rd Miller,21,MIN,SF,10,0,27,6.7,18.7,0.358,0,6.7,0,6.7,12,0.558,0.358,10.7,10.7,1,4,10.7,14.7,0,2.7,1.3,2.7,2.7,24
508,Emoni Bates,21,CLE,SF,7,0,27,2.7,18.7,0.144,2.7,14.7,0.184,0,4,0,0.217,0,0,0,0,0,0,5.3,1.3,0,0,2.7,8
509,Jalen Bridges,23,PHO,SF,5,0,25,1.4,5.8,0.241,1.4,5.8,0.241,0,0,0,0.362,1.4,2.9,0.483,0,4.3,4.3,0,0,0,5.8,0,5.8
510,Isaiah Crawford,23,SAC,SF,6,0,24,4.5,9,0.5,0,3,0,4.5,6,0.75,0.5,1.5,3,0.5,0,10.5,10.5,0,1.5,1.5,0,1.5,10.5
511,Bryce McGowens,22,POR,SG,9,0,22,6.5,11.5,0.565,0,3.3,0,6.5,8.2,0.793,0.565,8.2,9.8,0.837,1.6,0,1.6,1.6,1.6,0,4.9,3.3,21.3
512,Malevy Leons,25,OKC,SF,6,0,21,0,3.4,0,0,1.7,0,0,1.7,0,0,3.4,6.9,0.493,1.7,3.4,5.1,1.7,0,0,1.7,6.9,3.4
513,Adama Sanogo,22,CHI,C,4,0,21,6.9,12,0.575,0,0,0,6.9,12,0.575,0.575,0,0,0,8.6,1.7,10.3,1.7,0,0,1.7,1.7,13.7
514,Lamar Stevens,27,MEM,PF,3,0,20,5.4,16.2,0.333,0,3.6,0,5.4,12.6,0.429,0.333,3.6,3.6,1,1.8,7.2,9,0,1.8,0,1.8,1.8,14.4
515,Taze Moore,26,POR,SG,2,0,20,3.6,18,0.2,1.8,7.2,0.25,1.8,10.8,0.167,0.25,1.8,3.6,0.5,7.2,7.2,14.4,1.8,3.6,0,3.6,0,10.8
516,N'Faly Dante,23,HOU,C,1,0,19,7.6,11.4,0.667,0,0,0,7.6,11.4,0.667,0.667,3.8,5.7,0.667,7.6,9.5,17.1,1.9,0,3.8,1.9,7.6,18.9
517,Justin Mi0ya,25,POR,SF,6,0,18,0,2,0,0,0,0,0,2,0,0,0,0,0,4,2,6,4,2,0,0,6,0
518,David Duke Jr.,25,SAS,SG,4,0,18,4,14,0.286,0,2,0,4,12,0.333,0.286,2,4,0.5,0,6,6,6,0,0,2,2,10
519,Bobi Klintman,21,DET,SF,6,0,17,0,4.2,0,0,2.1,0,0,2.1,0,0,0,0,0,0,8.5,8.5,2.1,0,2.1,2.1,4.2,0
520,Lester Quiñones,24,PHI,SG,4,0,17,8.5,16.9,0.503,0,6.4,0,8.5,10.6,0.802,0.503,2.1,2.1,1,6.4,2.1,8.5,2.1,0,0,8.5,0,19.1
521,Yuri Collins,23,GSW,PG,2,0,16,2.3,6.8,0.338,0,0,0,2.3,6.8,0.338,0.338,0,0,0,4.5,2.3,6.8,9,4.5,0,0,11.3,4.5
522,Trentyn Flowers,19,LAC,SF,2,0,16,9,20.3,0.443,0,4.5,0,9,15.8,0.57,0.443,2.3,2.3,1,2.3,6.8,9,0,0,0,2.3,6.8,20.3
523,Alex Reese,25,2TM,PF,3,0,16,6.8,13.5,0.504,2.3,6.8,0.338,4.5,6.8,0.662,0.589,2.3,2.3,1,9,0,9,2.3,0,4.5,0,0,18
523,Alex Reese,25,OKC,PF,1,0,2,18,18,1,0,0,0,18,18,1,1,0,0,0,18,0,18,0,0,0,0,0,36
523,Alex Reese,25,PHI,PF,2,0,14,5.1,12.9,0.395,2.6,7.7,0.338,2.6,5.1,0.51,0.496,2.6,2.6,1,7.7,0,7.7,2.6,0,5.1,0,0,15.4
524,Tristen Newton,23,2TM,SG,8,0,16,2.3,18,0.128,0,6.8,0,2.3,11.3,0.204,0.128,2.3,2.3,1,4.5,4.5,9,4.5,2.3,0,4.5,9,6.8
524,Tristen Newton,23,IND,SG,5,0,8,4.5,27,0.167,0,13.5,0,4.5,13.5,0.333,0.167,4.5,4.5,1,0,0,0,4.5,0,0,4.5,9,13.5
524,Tristen Newton,23,MIN,SG,3,0,8,0,9,0,0,0,0,0,9,0,0,0,0,0,9,9,18,4.5,4.5,0,4.5,9,0
525,RayJ Dennis,23,IND,PG,7,0,15,2.4,12,0.2,2.4,9.6,0.25,0,2.4,0,0.3,4.8,4.8,1,2.4,7.2,9.6,4.8,4.8,0,7.2,7.2,12
526,0e'Qwan Tomlin,24,CLE,PF,3,0,14,10.3,20.6,0.5,0,5.1,0,10.3,15.4,0.669,0.5,5.1,7.7,0.662,2.6,12.9,15.4,0,0,0,2.6,5.1,25.7
527,Jalen Hood-Schifino,21,LAL,SG,2,0,14,2.6,2.6,1,0,0,0,2.6,2.6,1,1,5.1,5.1,1,2.6,0,2.6,2.6,0,2.6,2.6,7.7,10.3
528,Daishen Nix,22,MIN,PG,3,0,13,0,2.8,0,0,2.8,0,0,0,0,0,2.8,5.5,0.509,0,11.1,11.1,8.3,0,0,11.1,2.8,2.8
529,Cole Swider,25,DET,SF,2,0,13,0,13.8,0,0,13.8,0,0,0,0,0,0,0,0,0,5.5,5.5,2.8,0,0,0,2.8,0
530,Harrison Ingram,22,SAS,SF,2,0,11,0,6.5,0,0,3.3,0,0,3.3,0,0,0,0,0,0,6.5,6.5,0,0,0,0,3.3,0
531,Cui Yongxi,21,BRK,SG,5,0,10,3.6,25.2,0.143,0,10.8,0,3.6,14.4,0.25,0.143,3.6,7.2,0.5,0,7.2,7.2,0,0,0,0,0,10.8
532,Daniss Jenkins,23,DET,PG,5,0,10,0,14.4,0,0,14.4,0,0,0,0,0,0,0,0,0,0,0,0,0,0,3.6,7.2,0
533,Keion Brooks Jr.,24,NOP,SF,2,0,10,3.6,7.2,0.5,0,3.6,0,3.6,3.6,1,0.5,7.2,14.4,0.5,3.6,7.2,10.8,3.6,0,0,0,3.6,14.4
534,Malachi Flynn,26,CHO,PG,2,0,10,3.6,3.6,1,0,0,0,3.6,3.6,1,1,0,0,0,0,0,0,7.2,0,0,7.2,0,7.2
535,Quincy Olivari,23,LAL,PG,2,0,10,3.6,18,0.2,3.6,18,0.2,0,0,0,0.3,0,0,0,0,0,0,3.6,0,0,3.6,0,10.8
536,Jalen McDaniels,27,WAS,SF,4,0,7,0,0,0,0,0,0,0,0,0,0,0,0,0,0,0,0,5.1,5.1,0,0,0,0
537,Riley Minix,24,SAS,SF,1,0,7,0,5.1,0,0,5.1,0,0,0,0,0,0,0,0,0,10.3,10.3,0,0,0,0,0,0
538,Jaylen Martin,21,2TM,SF,4,0,7,5.1,20.6,0.248,5.1,5.1,1,0,15.4,0,0.371,0,0,0,5.1,5.1,10.3,0,0,0,0,5.1,15.4
538,Jaylen Martin,21,BRK,SF,3,0,5,7.2,14.4,0.5,7.2,7.2,1,0,7.2,0,0.75,0,0,0,0,0,0,0,0,0,0,7.2,21.6
538,Jaylen Martin,21,WAS,SF,1,0,2,0,36,0,0,0,0,0,36,0,0,0,0,0,18,18,36,0,0,0,0,0,0
539,Jesse Edwards,24,MIN,C,2,0,5,0,0,0,0,0,0,0,0,0,0,0,0,0,0,0,0,7.2,0,0,0,14.4,0
540,Jamaree Bouyea,25,MIL,PG,1,0,5,7.2,7.2,1,0,0,0,7.2,7.2,1,1,0,0,0,0,0,0,7.2,7.2,0,7.2,0,14.4
541,Mac McClung,26,ORL,SG,1,0,5,0,0,0,0,0,0,0,0,0,0,0,0,0,0,7.2,7.2,14.4,0,0,0,0,0
542,James Wiseman,23,IND,C,1,0,5,14.4,28.8,0.5,0,7.2,0,14.4,21.6,0.667,0.5,14.4,14.4,1,0,7.2,7.2,0,0,0,0,0,43.2
543,Skal Labissière,28,SAC,PF,2,0,4,0,0,0,0,0,0,0,0,0,0,0,0,0,9,0,9,9,0,0,0,9,0
544,Miles Norris,24,BOS,PF,1,0,4,0,0,0,0,0,0,0,0,0,0,0,0,0,0,18,18,0,0,0,0,0,0
545,Alondes Williams,25,DET,SG,1,0,4,18,18,1,9,9,1,9,9,1,1.25,0,0,0,0,0,0,9,0,0,0,0,45
546,Zyon Pullin,23,MEM,SG,3,0,3,0,12,0,0,0,0,0,12,0,0,0,0,0,0,0,0,0,0,0,0,0,0
547,Jahlil Okafor,29,IND,C,1,0,3,0,0,0,0,0,0,0,0,0,0,0,0,0,0,12,12,12,0,0,0,0,0
548,Tony Bradley,27,IND,C,2,0,2,0,0,0,0,0,0,0,0,0,0,0,0,0,0,18,18,0,0,0,0,0,0
549,Emanuel Miller,24,CHI,PF,1,0,2,0,0,0,0,0,0,0,0,0,0,0,0,0,0,0,0,0,0,0,0,0,0
550,Chuma Okeke,26,PHI,PF,1,0,2,0,0,0,0,0,0,0,0,0,0,0,0,0,0,18,18,0,0,0,0,0,0
551,Jahmir Young,24,CHI,PG,1,0,2,0,0,0,0,0,0,0,0,0,0,0,0,0,0,18,18,18,0,0,0,0,0
